,Location,Borough,Date Installed,lat,lng,lat2,lng2
0,10th Avenue and 73rd Street,Brooklyn,7/28/2020,40.625456,-74.012828,,
1,11th Avenue and 71st Street,Brooklyn,2/4/2021,40.625242,-74.009464,,
2,11th Avenue and Ovington Avenue,Brooklyn,1/23/2021,40.62681,-74.007835,,
3,14th Avenue and 36th Street (New York Industries for the Blind),Brooklyn,8/18/2013,,,,
4,17th Avenue and 72nd Street ,Brooklyn,4/12/2020,40.616555,-73.996582,,
5,17th Avenue and 78th Street,Brooklyn,4/5/2021,40.613111,-74.000158,,
6,17th Avenue at 73rd Street ,Brooklyn,3/31/2020,40.615995,-73.997165,,
7,18th Avenue and 54th Street ,Brooklyn,4/7/2020,40.625464,-73.983832,,
8,18th Avenue and 65th Street,Brooklyn,6/2/2022,40.619132,-73.990181,,
9,18th Avenue and East 8th Street,Brooklyn,1/13/2021,40.634195,-73.969869,,
10,20th Avenue and 64th Street,Brooklyn,9/17/2021,40.617125,-73.985232,,
11,3rd Avenue and 16th Street,Brooklyn,5/25/2021,40.667254,-73.994543,,
12,3rd Avenue and 33rd Street,Brooklyn,10/23/2015,40.657203,-74.004678,,
13,3rd Avenue and 59th Street,Brooklyn,10/10/2020,40.642604,-74.019804,,
14,3rd Avenue at 9th Street,Brooklyn,1/14/2020,40.671459,-73.991024,,
15,4th Avenue and 240' South of 3rd Street (mid-block),Brooklyn,4/11/2019,,,,
16,4th Avenue and 36th Street,Brooklyn,3/29/2016,40.65431,-74.004418,,
17,4th Avenue and 39th Street,Brooklyn,10/15/2015,40.652627,-74.006163,,
18,4th Avenue and 44th Street,Brooklyn,10/21/2015,40.649822,-74.009089,,
19,4th Avenue and 45th Street,Brooklyn,10/26/2015,40.64927,-74.009665,,
20,4th Avenue and 54th Street,Brooklyn,10/21/2015,40.64423,-74.014907,,
21,4th Avenue and 55th Street,Brooklyn,10/22/2015,40.64367,-74.015491,,
22,4th Avenue and 59th Street,Brooklyn,1/6/2016,40.641435,-74.017815,,
23,4th Avenue and 60th Street,Brooklyn,4/17/2017,40.640837,-74.018431,,
24,4th Avenue and 9th Street,Brooklyn,10/26/2015,40.670358,-73.988713,,
25,4th Avenue and Union Street,Brooklyn,10/18/2016,40.677406,-73.983048,,
26,5th Avenue and 24th Street,Brooklyn,11/24/2021,40.65967,-73.99517,,
27,5th Avenue and 3rd Street,Brooklyn,6/24/2022,40.672798,-73.983284,,
28,5th Avenue and 89th Street,Brooklyn,12/12/2012,40.61975,-74.027715,,
29,65th Street and Dahill Road,Brooklyn,1/6/2021,40.609463,-73.974184,,
30,7th Avenue and 81st Street,Brooklyn,3/9/2020,,,,
31,7th Avenue and Sterling Place,Brooklyn,5/27/2022,40.677078,-73.973686,,
32,86th Street and 19th Avenue,Brooklyn,9/20/2019,40.605936,-74.000457,,
33,86th Street and Avenue W,Brooklyn,5/11/2022,40.591921,-73.977223,,
34,86th Street and Battery Avenue,Brooklyn,9/10/2019,,,,
35,86th Street and Bay 22nd Street,Brooklyn,10/27/2015,40.605483,-73.999719,,
36,86th Street and Bay 34th Street,Brooklyn,5/12/2022,40.600136,-73.990864,,
37,86th Street and Fort Hamilton Parkway,Brooklyn,4/16/2019,40.620437,-74.024466,,
38,86th Street and Van Sicklen Street,Brooklyn,6/4/2021,40.591065,-73.975837,,
39,86th Street and West 6th Street,Brooklyn,7/16/2021,40.591452,-73.976513,,
40,86th Street between 4th Avenue and 5th Avenue,Brooklyn,2/22/2016,40.622799,-74.02835,40.621493,-74.026213
41,86th Street between West 8th Street and West 9th Street (mid-block) ,Brooklyn,12/12/2018,,,,
42,"86th Street with McDonald Avenue, Avenue X and Shell Road",Brooklyn,8/4/2021,,,,
43,87th Street between 4th Avenue and 5th Avenue (mid-block),Brooklyn,3/15/2019,,,,
44,8th Avenue and 67th Street,Brooklyn,5/14/2021,40.631486,-74.013726,,
45,8th Avenue and Windsor Place,Brooklyn,4/29/2022,40.660937,-73.983236,,
46,9th Avenue and 42nd Street,Brooklyn,11/4/2021,40.644267,-73.996843,,
47,Adams Street between Fulton Street and Johnson Street (mid-block),Brooklyn,2/21/2012,,,,
48,Adams Street/Boerum Place and Fulton Street,Brooklyn,4/25/2012,,,,
49,Adams Street/Boerum Place and Livingston Street,Brooklyn,5/9/2012,,,,
50,Atlantic Avenue and 134th Street,Brooklyn,11/3/2020,,,,
51,Atlantic Avenue and 3rd Avenue,Brooklyn,9/10/2018,40.685324,-73.980703,,
52,Atlantic Avenue and Boerum Place,Brooklyn,4/25/2012,40.689138,-73.990708,,
53,Atlantic Avenue and Bond Street,Brooklyn,11/26/2013,40.686931,-73.984831,,
54,Atlantic Avenue and Brooklyn Avenue,Brooklyn,8/8/2018,40.678157,-73.944151,,
55,Atlantic Avenue and Classon Avenue,Brooklyn,8/3/2019,40.679832,-73.958293,,
56,Atlantic Avenue and Clermont Avenue,Brooklyn,9/18/2018,40.682006,-73.96869,,
57,Atlantic Avenue and Franklin Avenue,Brooklyn,12/11/2020,40.679205,-73.955294,,
58,Atlantic Avenue and Hoyt Street,Brooklyn,5/23/2013,40.687773,-73.987001,,
59,Atlantic Avenue and Kingston Avenue,Brooklyn,7/8/2019,40.67801,-73.941378,,
60,Atlantic Avenue and Nevins Street,Brooklyn,9/19/2012,40.686088,-73.98266,,
61,Atlantic Avenue and Nostrand Avenue,Brooklyn,8/29/2019,,,,
62,Atlantic Avenue and Sheridan Avenue/Nichols Avenue,Brooklyn,4/14/2021,,,,
63,Atlantic Avenue and Smith Street,Brooklyn,8/15/2013,40.688616,-73.989168,,
64,Atlantic Avenue and Van Siclen Avenue,Brooklyn,9/8/2021,40.676431,-73.891271,,
65,Atlantic Avenue and Waverly Avenue,Brooklyn,8/25/2020,40.681344,-73.96551,,
66,Atlantic Avenue with East New York Avenue and Williams Place,Brooklyn,11/26/2019,,,,
67,Avenue C and East 7th Street,Brooklyn,10/26/2020,40.641063,-73.972269,,
68,Avenue I and East 13th Street,Brooklyn,12/13/2019,40.627367,-73.963701,,
69,Avenue I and East 21st Street,Brooklyn,7/18/2020,40.628234,-73.955811,,
70,Avenue I and East 52nd Street ,Brooklyn,12/30/2019,40.630629,-73.926177,,
71,Avenue J and East 27th Street,Brooklyn,8/16/2017,40.626464,-73.949724,,
72,Avenue J and East 2nd Street,Brooklyn,5/19/2021,40.623725,-73.974625,,
73,Avenue J and East 31st Street,Brooklyn,10/20/2020,40.626888,-73.945876,,
74,Avenue K and East 22nd Street,Brooklyn,2/2/2022,40.623556,-73.953984,,
75,Avenue K and East 27th Street ,Brooklyn,4/6/2022,40.624073,-73.949275,,
76,Avenue K and East 29th Street,Brooklyn,6/22/2018,40.624275,-73.94742,,
77,Avenue K and East 34th Street,Brooklyn,1/28/2022,40.6248,-73.942646,,
78,Avenue K and East 7th Street,Brooklyn,8/27/2021,40.621942,-73.968646,,
79,Avenue K and East 95th Street,Brooklyn,7/2/2021,40.639287,-73.898682,,
80,Avenue K and New York Avenue,Brooklyn,4/15/2021,40.624699,-73.943572,,
81,Avenue K at East 23rd Street,Brooklyn,6/30/2020,40.623658,-73.953051,,
82,Avenue K at East 32nd Street,Brooklyn,10/25/2019,40.624598,-73.944498,,
83,Avenue M and East 24th Street,Brooklyn,5/12/2022,40.618977,-73.951221,,
84,Avenue M and East 26th Street ,Brooklyn,4/22/2021,40.619187,-73.949297,,
85,Avenue M and East 28th Street,Brooklyn,4/28/2021,40.619392,-73.947445,,
86,Avenue O at East 2nd Street,Brooklyn,9/26/2020,40.611491,-73.972397,,
87,Avenue R and East 15th Street,Brooklyn,3/6/2020,40.605799,-73.957724,,
88,Avenue S at West 7th Street,Brooklyn,1/9/2020,40.601043,-73.979387,,
89,Avenue T and East 24th Street,Brooklyn,2/4/2020,40.602057,-73.948021,,
90,Avenue T and East 26th Street ,Brooklyn,1/22/2021,40.60227,-73.946098,,
91,Avenue U and Ocean Avenue,Brooklyn,6/29/2016,40.599382,-73.951404,,
92,Avenue U at East 2nd Street,Brooklyn,6/9/2020,40.597379,-73.96963,,
93,Avenue V and East 8th Street,Brooklyn,5/28/2020,40.595985,-73.962634,,
94,Avenue V at Coyle Street,Brooklyn,6/9/2020,40.598818,-73.936756,,
95,Avenue V with Gravesend Neck Road and East 23rd Street,Brooklyn,6/13/2020,40.597533,-73.94855,40.59758,-73.948122
96,Avenue X and Brown Street,Brooklyn,6/5/2018,40.594026,-73.938716,,
97,Avenue X and East 22nd Street,Brooklyn,2/24/2020,40.592969,-73.94819,,
98,Avenue Y and East 26th Street,Brooklyn,8/17/2017,40.591265,-73.944011,,
99,Avenue Y and East 29th Street,Brooklyn,6/15/2018,40.591571,-73.941231,,
100,Avenue Z and East 6th Street,Brooklyn,12/12/2016,40.58692,-73.96386,,
101,Bay Parkway with Avenue J and East 4th Street,Brooklyn,1/2/2020,40.623963,-73.972446,40.623667,-73.97273
102,Bedford Avenue and Lafayette Avenue,Brooklyn,12/2/2016,40.689445,-73.955121,,
103,Bedford Avenue between Avenue I and Campus Road (mid-block),Brooklyn,1/5/2012,,,,
104,Benson Avenue and Bay 26th Street,Brooklyn,11/7/2020,40.60203,-73.998563,,
105,Benson Avenue at Bay 25th Street,Brooklyn,1/6/2020,40.602458,-73.99928,,
106,Beverley Road and East 54th Street,Brooklyn,2/17/2022,40.646559,-73.925922,,
107,Blake Avenue with Howard Avenue and Tapscott Street,Brooklyn,1/12/2022,,,,
108,Boerum Place and Schermerhorn Street,Brooklyn,8/28/2012,40.690359,-73.989738,,
109,Boerum Place and State Street,Brooklyn,11/26/2013,,,,
110,Brighton Beach Avenue and Brighton 2nd Street,Brooklyn,3/16/2022,40.576827,-73.965096,,
111,Brighton Beach Avenue and Brighton 4th Street,Brooklyn,2/28/2022,40.577214,-73.963278,,
112,Brighton Beach Avenue and Coney Island Avenue,Brooklyn,3/1/2018,,,,
113,Broadway and Bartlett Street,Brooklyn,1/12/2021,40.702314,-73.944639,,
114,Broadway and Hewes Street,Brooklyn,3/21/2021,,,,
115,Broadway and Melrose Street,Brooklyn,10/7/2021,40.697407,-73.936006,,
116,Broadway and Park Street,Brooklyn,4/27/2022,40.699036,-73.9389,,
117,Buffalo Avenue and Saint Marks Avenue,Brooklyn,1/19/2021,40.673845,-73.92508,,
118,Bushwick Avenue and Johnson Avenue,Brooklyn,3/11/2021,40.70692,-73.939715,,
119,Bushwick Avenue and Moore Street,Brooklyn,4/23/2021,,,,
120,Cadman Plaza West and Montague Street,Brooklyn,4/11/2013,40.693722,-73.990455,,
121,Caton Avenue and East 8th Street,Brooklyn,9/11/2018,,,,
122,Caton Avenue with East 17th Street and Parade Place,Brooklyn,1/24/2020,40.650887,-73.964654,40.651005,-73.964355
123,Central Avenue and Jefferson Avenue,Brooklyn,2/25/2021,40.69131,-73.913251,,
124,Central Avenue and Madison Street,Brooklyn,2/26/2021,40.692593,-73.915507,,
125,Central Avenue and Stanhope Street,Brooklyn,2/12/2021,40.697298,-73.923777,,
126,Central Avenue at Harman Street,Brooklyn,9/15/2020,40.696443,-73.922271,,
127,Church Avenue and Dahill Avenue (New York Industries for the Blind),Brooklyn,8/16/2013,,,,
128,Church Avenue and East 21st Street,Brooklyn,1/6/2022,40.65021,-73.959977,,
129,Church Avenue and East 37th Street,Brooklyn,2/10/2020,40.651109,-73.942826,,
130,Church Avenue and McDonald Avenue (New York Industries for the Blind),Brooklyn,7/15/2013,,,,
131,Church Avenue and Ocean Avenue,Brooklyn,11/24/2020,40.650082,-73.961007,,
132,Church Avenue with Buckingham Road and East 16th Street,Brooklyn,1/10/2022,,,,
133,Church Avenue with East 32nd Street and Raleigh Place,Brooklyn,4/23/2020,,,,
134,Church Avenue with Fairview Place and East 31st Street,Brooklyn,12/7/2020,,,,
135,Clarkson Avenue and Kings County Hospital Entrance (200' West of East 37th Street),Brooklyn,2/4/2022,,,,
136,Columbia Street and Mill Street,Brooklyn,11/10/2020,40.676545,-74.006789,,
137,Coney Island Avenue and Avenue N,Brooklyn,12/5/2019,40.615205,-73.963362,,
138,Coney Island Avenue and Avenue Y,Brooklyn,5/4/2022,40.589452,-73.960517,,
139,Coney Island Avenue and Foster Avenue,Brooklyn,2/10/2022,40.632295,-73.966775,,
140,Coney Island Avenue and Kings Highway,Brooklyn,5/8/2020,40.607337,-73.961886,,
141,Coney Island Avenue and Neptune Avenue,Brooklyn,1/26/2022,40.581958,-73.959942,,
142,Coney Island Avenue at Avenue O,Brooklyn,7/18/2020,,,,
143,Coney Island Avenue between Avenue H and Glenwood Road (mid-block),Brooklyn,3/28/2020,,,,
144,Cortelyou Road at Stratford Road,Brooklyn,6/23/2020,,,,
145,Court Street and Atlantic Avenue,Brooklyn,8/26/2013,40.68969,-73.992363,,
146,Court Street and Livingston Street,Brooklyn,6/16/2012,40.691597,-73.991447,,
147,Court Street and Schermerhorn Street,Brooklyn,8/27/2012,40.690994,-73.991742,,
148,Court Street and State Street,Brooklyn,3/30/2014,,,,
149,Court Street with Remsen and Joralemon Street,Brooklyn,5/25/2013,,,,
150,Cropsey Avenue and Bay 32nd Street,Brooklyn,1/4/2016,40.596183,-73.997386,,
151,Cropsey Avenue and Bay 35th / 24th Avenue,Brooklyn,10/28/2015,,,,
152,Cropsey Avenue and Bay 49th Street,Brooklyn,10/28/2015,,,,
153,Dahill Road and 12th Avenue,Brooklyn,5/21/2021,40.645753,-73.981056,,
154,Dekalb Avenue and Ashland Place,Brooklyn,5/3/2022,,,,
155,DeKalb Avenue and Hudson Avenue,Brooklyn,5/11/2015,40.6899,-73.980431,,
156,Dekalb Avenue and S Portland Avenue,Brooklyn,11/21/2016,,,,
157,Dekalb Avenue and Skillman Street,Brooklyn,1/28/2021,40.690799,-73.956357,,
158,Ditmas Avenue and East 5th Street,Brooklyn,12/12/2012,40.635983,-73.974105,,
159,Driggs Avenue and North 10th Street,Brooklyn,4/12/2022,40.718693,-73.954654,,
160,Driggs Avenue and North 11th Street,Brooklyn,4/11/2022,40.719247,-73.954062,,
161,Driggs Avenue and Union Avenue (mid-block),Brooklyn,9/13/2018,,,,
162,East New York Avenue and Kingston Avenue,Brooklyn,2/4/2021,40.662061,-73.942766,,
163,East New York Avenue and Troy Avenue,Brooklyn,10/21/2020,40.662395,-73.937341,,
164,East New York Avenue at Dean Street and Sackman Street,Brooklyn,12/24/2015,,,,
165,"East New York Avenue with East 93rd Street, Ford Street and Rochester Avenue",Brooklyn,3/15/2022,,,,
166,Eastern Parkway and New York Avenue,Brooklyn,1/30/2021,40.669713,-73.94773,,
167,Eastern Parkway and Ralph Avenue,Brooklyn,2/1/2021,40.668373,-73.922631,,
168,Empire Boulevard and McKeever Place,Brooklyn,2/12/2020,40.663361,-73.959738,,
169,Erskine Street and 180' South of Schroeders Avenue,Brooklyn,12/8/2020,,,,
170,Etna Street at Hemlock Street,Brooklyn,9/19/2020,40.68725,-73.87197,,
171,Farragut Road and East 21st Street,Brooklyn,4/21/2022,40.635404,-73.957168,,
172,Farragut Road and East 31st Street,Brooklyn,6/10/2021,40.63633,-73.947043,,
173,Farragut Road and East 82nd Street,Brooklyn,2/22/2021,40.639638,-73.915321,,
174,Farragut Road with East 26th Street and Amersfort Place,Brooklyn,10/13/2021,,,,
175,Fillmore Avenue and East 33rd Street,Brooklyn,12/21/2021,40.609974,-73.935333,,
176,Flatbush Avenue and Atlantic Avenue,Brooklyn,4/8/2019,,,,
177,Flatbush Avenue and Avenue M,Brooklyn,3/17/2022,,,,
178,Flatbush Avenue and Beekman Place with Maple Street,Brooklyn,9/24/2019,,,,
179,Flatbush Avenue and Church Avenue,Brooklyn,6/20/2019,,,,
180,Flatbush Avenue and Dekalb Avenue,Brooklyn,10/16/2015,,,,
181,Flatbush Avenue and Glenwood Road (west leg),Brooklyn,10/12/2016,,,,
182,Flatbush Avenue and Lafayette Avenue,Brooklyn,4/10/2017,,,,
183,Flatbush Avenue and Parkside Avenue,Brooklyn,6/22/2022,,,,
184,Flatbush Avenue and Prospect Park Zoo (mid-block),Brooklyn,1/30/2019,,,,
185,Flatbush Avenue and Snyder Avenue,Brooklyn,6/20/2022,,,,
186,Flatbush Avenue and Willoughby Street,Brooklyn,10/15/2015,,,,
187,Flatbush Avenue at Avenue T,Brooklyn,6/2/2020,40.611464,-73.924365,,
188,Flatbush Avenue at Fulton Street and Nevins Street,Brooklyn,6/25/2012,,,,
189,Flatbush Avenue between Avenue U and Avenue V (mid-block),Brooklyn,4/7/2018,,,,
190,Flatbush Avenue with Brooklyn Avenue and Avenue J,Brooklyn,12/23/2015,40.627314,-73.941816,40.626715,-73.9412
191,Flatbush Avenue with Glenwood Road and East 29th Street (east leg),Brooklyn,10/14/2016,,,,
192,Flatbush Avenue with Nostrand Avenue and Hillel Place,Brooklyn,11/17/2016,,,,
193,Flatlands Avenue and East 107th Street,Brooklyn,7/17/2014,,,,
194,Flatlands Avenue and East 76th Street ,Brooklyn,8/1/2019,,,,
195,Flatlands Avenue at Elton Street,Brooklyn,9/25/2020,,,,
196,Flushing Avenue and Bogart Street,Brooklyn,12/6/2016,40.703172,-73.932697,,
197,Flushing Avenue and Garden Street,Brooklyn,10/7/2020,40.701545,-73.938364,,
198,Flushing Avenue and Skillman Street,Brooklyn,8/24/2013,40.69882,-73.95796,,
199,Flushing Avenue and Warsoff Place,Brooklyn,12/13/2016,40.699296,-73.954292,,
200,Flushing Avenue with Nostrand Avenue and Lee Avenue,Brooklyn,3/2/2021,,,,
201,Fort Hamilton Parkway and 92nd Street ,Brooklyn,5/13/2019,40.616986,-74.02749,,
202,Fort Hamilton Parkway with 6th Avenue and 84th Street,Brooklyn,10/21/2019,40.621582,-74.022773,40.621431,-74.022978
203,Foster Avenue and East 37th Street,Brooklyn,4/12/2022,40.639026,-73.941532,,
204,Foster Avenue and Rockaway Parkway,Brooklyn,2/7/2022,40.648266,-73.9058,,
205,Franklin Avenue and Lafayette Avenue,Brooklyn,11/18/2016,,,,
206,Ft. Hamilton Parkway with 44th Street and New Utrecht Avenue,Brooklyn,7/20/2021,40.64077,-73.994076,40.6406,-73.994332
207,Fulton Street and Barbey Street,Brooklyn,4/28/2021,40.678559,-73.889007,,
208,Fulton Street and Bradford Street,Brooklyn,4/13/2021,40.677761,-73.893483,,
209,Fulton Street and Brooklyn Avenue,Brooklyn,11/7/2019,40.680089,-73.943972,,
210,Fulton Street and Clinton Avenue,Brooklyn,8/26/2020,40.683482,-73.96689,,
211,Fulton Street and Crescent Street,Brooklyn,12/9/2016,40.683652,-73.872186,,
212,Fulton Street and Euclid Avenue,Brooklyn,3/31/2022,40.683105,-73.874105,,
213,Fulton Street and Kingston Avenue (mid-block),Brooklyn,8/9/2021,,,,
214,Fulton Street and Lincoln Avenue,Brooklyn,1/20/2021,40.684415,-73.869506,,
215,Fulton Street and Marcus Garvey Boulevard,Brooklyn,3/10/2021,40.679731,-73.937397,,
216,Fulton Street and Patchen Avenue,Brooklyn,6/28/2022,,,,
217,Fulton Street and Saratoga Avenue,Brooklyn,10/9/2020,,,,
218,Fulton Street and Schenck Avenue,Brooklyn,3/25/2022,40.678301,-73.889873,,
219,Fulton Street and Thomas S Boyland Street (Hopkinson Avenue),Brooklyn,2/2/2022,,,,
220,Fulton Street and Troy Avenue,Brooklyn,6/1/2022,40.679593,-73.934873,,
221,Fulton Street and Vanderbilt Avenue,Brooklyn,2/9/2022,,,,
222,Fulton Street at Chestnut Street,Brooklyn,6/16/2020,40.68275,-73.875361,,
223,Fulton Street with Lafayette Avenue and Fort Greene Place,Brooklyn,1/18/2017,40.687184,-73.976591,40.687025,-73.976206
224,Fulton Street with Ralph Avenue and Macdougal Street,Brooklyn,6/17/2022,40.678918,-73.922504,40.678871,-73.921646
225,Gerritsen Avenue and Avenue R (South Leg),Brooklyn,1/6/2021,,,,
226,Gerritsen Avenue and Avenue S,Brooklyn,5/24/2021,,,,
227,Gerritsen Avenue and Fillmore Avenue,Brooklyn,2/11/2022,40.606642,-73.940508,,
228,Glenwood Road and East 39th Street,Brooklyn,7/11/2020,40.634534,-73.939172,,
229,Glenwood Road and East 79th Street,Brooklyn,4/23/2020,40.636507,-73.915715,,
230,Graham Avenue and Maujer Street (500' South),Brooklyn,1/15/2016,,,,
231,Graham Avenue and Scholes Street,Brooklyn,3/22/2021,40.708782,-73.94344,,
232,Graham Avenue with Richardson Street and Herbert Street,Brooklyn,6/17/2022,40.718782,-73.945084,40.718873,-73.945109
233,Grand Army Plaza (North) and Pedestrian Crossing (mid-block),Brooklyn,1/30/2019,,,,
234,Grand Street with Waterbury Street and Olive Street,Brooklyn,8/12/2020,40.712491,-73.938466,40.712524,-73.938322
235,Hanson Place and St. Felix Street,Brooklyn,5/13/2015,40.685192,-73.977028,,
236,Hillel Place and Campus Road (North Side),Brooklyn,8/7/2015,,,,
237,Howard Avenue and Macdonough Street,Brooklyn,2/28/2022,40.68372,-73.920155,,
238,Jamaica Avenue and Hendrix Street,Brooklyn,9/24/2021,40.680971,-73.891498,,
239,Jay Street and 165' S/O Tillary Street,Brooklyn,2/16/2022,,,,
240,Jay Street and Metrotech Roadway (North Leg),Brooklyn,4/26/2012,,,,
241,Jay Street and Metrotech Roadway (South Leg),Brooklyn,2/10/2012,,,,
242,Jay Street and Willoughby Street,Brooklyn,2/13/2013,40.692234,-73.9873,,
243,Jay Street/Smith Street and Fulton Street,Brooklyn,9/13/2013,,,,
244,Johnson Avenue and White Street,Brooklyn,12/15/2021,40.707283,-73.935896,,
245,Kings Highway and East 18th Street,Brooklyn,1/28/2022,40.609943,-73.955596,,
246,Kings Highway and Schenectady Avenue,Brooklyn,12/23/2021,40.631431,-73.931141,,
247,Kings Highway and West 12th Street,Brooklyn,2/25/2021,40.605732,-73.985008,,
248,Kingston Avenue and Sterling Place,Brooklyn,3/24/2020,40.672079,-73.941946,,
249,Knickerbocker Avenue and Menahan Street,Brooklyn,3/5/2021,40.698109,-73.917119,,
250,Lafayette Avenue and Cumberland Street,Brooklyn,1/5/2022,,,,
251,Lafayette Avenue and Emerson Place (mid-block),Brooklyn,1/2/2019,,,,
252,Lenox Road and East 42nd Street,Brooklyn,9/21/2017,40.654859,-73.938454,,
253,Linden Boulevard and Christopher Avenue (mid-block),Brooklyn,12/27/2018,,,,
254,Livingston Street and Bond Street,Brooklyn,5/16/2013,40.688786,-73.983572,,
255,Livingston Street and Hoyt Street,Brooklyn,5/18/2013,40.689632,-73.985739,,
256,Livingston Street at Nevins Street,Brooklyn,6/27/2014,40.687946,-73.981401,,
257,Loring Avenue and Eldert Lane,Brooklyn,11/3/2020,40.667784,-73.862419,,
258,Manhattan Avenue and Bedford Avenue,Brooklyn,12/22/2021,,,,
259,Marcus Garvey Boulevard and Madison Street,Brooklyn,12/7/2021,40.686092,-73.93866,,
260,Marcus Garvey Boulevard and Park Avenue,Brooklyn,11/18/2020,40.698541,-73.941151,,
261,McDonald Avenue and Ditmas Avenue,Brooklyn,7/10/2012,40.635553,-73.978022,,
262,McDonald Avenue and Ft Hamilton Parkway,Brooklyn,1/28/2022,40.647693,-73.980364,,
263,Myrtle Avenue and Marcus Garvey Boulevard (Sumner Avenue),Brooklyn,12/7/2021,,,,
264,Myrtle Avenue and Pedestrian Crossing (Hudson Walk) (mid-block),Brooklyn,3/15/2019,,,,
265,Myrtle Avenue and Stanhope Street,Brooklyn,8/13/2019,40.698351,-73.922744,,
266,Myrtle Avenue and Throop Avenue,Brooklyn,1/4/2022,40.69603,-73.943526,,
267,Neptune Avenue and Brighton 8th Street,Brooklyn,2/11/2022,,,,
268,Neptune Avenue and East 11th Street,Brooklyn,1/25/2022,40.582169,-73.958952,,
269,Neptune Avenue and Shore Boulevard,Brooklyn,6/23/2018,40.583106,-73.954141,,
270,Neptune Avenue and West 28th Street,Brooklyn,1/21/2021,40.577881,-73.994759,,
271,Neptune Avenue and West 5th Street,Brooklyn,10/7/2020,40.579805,-73.971834,,
272,Neptune Avenue with Shell Road and West 8th Street,Brooklyn,1/19/2022,,,,
273,Nevins Street and State Street,Brooklyn,1/18/2017,,,,
274,New Lots Avenue and Powell Street,Brooklyn,2/6/2018,40.658302,-73.901029,,
275,New Lots Avenue with Miller Avenue and Riverdale Avenue,Brooklyn,4/15/2020,40.663687,-73.888924,40.664049,-73.888109
276,New Utrecht Avenue and 62nd Street,Brooklyn,7/7/2014,40.626063,-73.997017,,
277,Newport Street and Saratoga Avenue,Brooklyn,5/26/2022,,,,
278,North Conduit Boulevard and Grant Avenue,Brooklyn,2/11/2022,,,,
279,Nostrand Avenue and Avenue V,Brooklyn,2/4/2022,40.598304,-73.941481,,
280,Nostrand Avenue and Church Avenue,Brooklyn,3/17/2022,40.650807,-73.949572,,
281,Nostrand Avenue and Erasmus Street,Brooklyn,2/8/2014,40.649781,-73.949465,,
282,Nostrand Avenue and Glenwood Road,Brooklyn,11/3/2016,40.633998,-73.947773,,
283,Nostrand Avenue and Kosciuszko Street,Brooklyn,10/25/2021,40.690597,-73.951612,,
284,Nostrand Avenue and Maple Street,Brooklyn,4/20/2021,40.660826,-73.950646,,
285,Nostrand Avenue and Marine Parkway,Brooklyn,10/6/2020,40.614805,-73.944575,,
286,Nostrand Avenue and Willoughby Avenue,Brooklyn,5/12/2022,,,,
287,Ocean Avenue and Prospect Park North Entrance (mid-block),Brooklyn,12/13/2018,,,,
288,Ocean Avenue and Prospect Park South Entrance (mid-block),Brooklyn,12/13/2018,,,,
289,Ocean Avenue and Quentin Road,Brooklyn,12/29/2020,40.608808,-73.953191,,
290,Ocean Parkway and Avenue L,Brooklyn,2/15/2022,40.619398,-73.969566,,
291,Ocean Parkway and Avenue M,Brooklyn,5/19/2022,40.617004,-73.96911,,
292,Ocean Parkway and Avenue O,Brooklyn,5/23/2022,40.611953,-73.968165,,
293,Ocean Parkway and Avenue R,Brooklyn,5/10/2022,40.604803,-73.966796,,
294,Ocean Parkway and Church Avenue,Brooklyn,11/15/2019,,,,
295,Ocean Parkway and Foster Avenue,Brooklyn,12/10/2021,40.629988,-73.971568,,
296,Ocean Parkway and Parkville Avenue,Brooklyn,5/11/2021,40.630748,-73.971712,,
297,"Old Fulton Street with Water Street, Everit Street and Furman Street",Brooklyn,11/12/2021,,,,
298,Park Avenue and Saint Edwards Street,Brooklyn,12/11/2020,,,,
299,Patchen Avenue and Chauncey Street,Brooklyn,3/4/2021,,,,
300,Pennsylvania Avenue and Freeport Loop (North Leg),Brooklyn,7/11/2014,,,,
301,Pennsylvania Avenue and Riverdale Avenue ,Brooklyn,2/9/2022,40.663222,-73.89365,,
302,Pitkin Avenue and Chestnut Street,Brooklyn,6/25/2021,40.675186,-73.873428,,
303,Pitkin Avenue at Williams Avenue,Brooklyn,1/21/2020,40.671341,-73.899585,,
304,Quentin Road at East 24th Street,Brooklyn,6/26/2020,40.609229,-73.949377,,
305,Ralph Avenue and Avenue N,Brooklyn,1/31/2022,40.619548,-73.917263,,
306,Ralph Avenue and Bergen Avenue,Brooklyn,5/20/2022,40.629795,-73.918357,,
307,Ralph Avenue between Avenue K and Avenue L (mid-block),Brooklyn,1/2/2019,,,,
308,Ralph Avenue with Avenue M and East 65th Street,Brooklyn,12/30/2020,40.621941,-73.917516,40.621513,-73.91747
309,Ralph Avenue with Beverly Road and Avenue B,Brooklyn,1/27/2021,40.64703,-73.920184,40.646926,-73.920181
310,Remsen Avenue and Conklin Avenue,Brooklyn,6/14/2021,40.640875,-73.906686,,
311,Remsen Avenue with Clarkson Avenue (South Leg) and East 56th Street,Brooklyn,1/22/2021,,,,
312,Ridge Boulevard and 67th Street,Brooklyn,4/8/2020,40.638804,-74.027625,,
313,Rochester Avenue and Carroll Street,Brooklyn,4/15/2022,40.66597,-73.9286,,
314,Rochester Avenue and Dean Street,Brooklyn,11/17/2016,40.675663,-73.927688,,
315,Rochester Avenue at Bergen Street,Brooklyn,9/3/2020,40.674887,-73.927761,,
316,Rockaway Pkwy at Brookdale Hospital entrance (w of Linden Blvd),Brooklyn,10/21/2016,,,,
317,Roebling Street and South 1st Street,Brooklyn,12/29/2020,40.712796,-73.958666,,
318,Rogers Avenue and Parkside Avenue,Brooklyn,1/27/2022,40.656082,-73.953053,,
319,Rogers Avenue and St Johns Place,Brooklyn,9/10/2019,40.67179,-73.953104,,
320,Rutland Road and East 91st Street ,Brooklyn,7/27/2021,40.661449,-73.928284,,
321,Rutland Road with East 52nd Street and Remsen Avenue,Brooklyn,1/17/2017,,,,
322,Saratoga Avenue and Bergen Street,Brooklyn,8/28/2020,,,,
323,Schermerhorn Street and Nevins Street,Brooklyn,12/4/2013,40.687331,-73.981816,,
324,Seaview Avenue and East 98th Street,Brooklyn,1/13/2021,40.634367,-73.888825,,
325,Shore Parkway and BJ's Driveway (1752 Shore Parkway),Brooklyn,4/22/2021,,,,
326,Shore Parkway and Voorhies Avenue,Brooklyn,1/27/2022,,,,
327,Smith Street and Livingston Street,Brooklyn,7/13/2012,40.690469,-73.987891,,
328,Snyder Avenue and East 58th Street ,Brooklyn,7/9/2020,40.650587,-73.922519,,
329,Snyder Avenue and East 59th Street,Brooklyn,10/25/2021,40.650644,-73.9216,,
330,South Conduit Boulevard and Grant Avenue,Brooklyn,2/15/2022,,,,
331,South Conduit Boulevard and Sheridan Avenue,Brooklyn,2/14/2022,,,,
332,Stanley Avenue and Georgia Avenue,Brooklyn,11/24/2020,40.656262,-73.891081,,
333,Stanley Avenue and Sheffield Avenue,Brooklyn,10/7/2020,40.656618,-73.890262,,
334,Stillwell Avenue between Bay 50th Street and Harway Avenue (mid-block),Brooklyn,6/10/2021,,,,
335,Stillwell Avenue with 25th Avenue and 84th Street,Brooklyn,2/10/2022,40.599314,-73.985747,40.598908,-73.985668
336,Surf Avenue and West 29th Street,Brooklyn,3/1/2018,40.572875,-73.994903,,
337,Sutter Avenue and Autumn Avenue,Brooklyn,8/31/2021,40.673411,-73.867602,,
338,Sutter Avenue and Hemlock Street,Brooklyn,5/5/2022,40.673278,-73.868525,,
339,Sutter Avenue and Pine Street,Brooklyn,9/13/2021,40.673011,-73.870368,,
340,Troy Avenue and Park Place,Brooklyn,6/7/2022,40.672699,-73.936343,,
341,Union Avenue and Maujer Street,Brooklyn,8/18/2021,40.710221,-73.950995,,
342,Utica Avenue and Avenue M,Brooklyn,8/27/2019,40.621358,-73.927135,,
343,Utica Avenue and Church Avenue,Brooklyn,2/23/2021,40.651733,-73.930381,,
344,Voorhies Avenue and East 18th Street,Brooklyn,4/4/2017,40.586026,-73.951068,,
345,West 12th Street between Surf Avenue and Neptune Avenue (mid-block),Brooklyn,4/8/2019,,,,
346,West 5th Street and West Brighton Avenue,Brooklyn,2/22/2022,40.576706,-73.972818,,
347,Wilson Avenue and Hart Street,Brooklyn,4/2/2021,40.700054,-73.924582,,
348,Wilson Avenue and Madison Street,Brooklyn,3/2/2021,40.694069,-73.914055,,
349,Wilson Avenue and Willoughby Avenue,Brooklyn,10/8/2021,40.700912,-73.926085,,
350,Winthrop Street and East 91st Street,Brooklyn,10/6/2020,40.659814,-73.926465,,
351,Winthrop Street and East 93rd Street,Brooklyn,11/9/2020,40.660738,-73.925034,,
352,Winthrop Street and Kingston Avenue,Brooklyn,2/8/2022,40.657608,-73.942315,,
353,Wythe Avenue at North 4th Street,Brooklyn,9/21/2020,40.717862,-73.96222,,
354,10th Avenue and West 42nd Street,Manhattan,9/14/2021,40.759626,-73.995473,,
355,10th Avenue and West 55th Street,Manhattan,9/6/2017,40.767816,-73.989505,,
356,12th Avenue and West 23rd Street,Manhattan,5/31/2017,40.749303,-74.008063,,
357,1st Avenue and East 107th Street (mid-block),Manhattan,8/27/2020,,,,
358,1st Avenue and East 109th Street,Manhattan,8/28/2020,40.791559,-73.938649,,
359,1st Avenue and East 122nd Street,Manhattan,11/25/2016,,,,
360,1st Avenue and East 14th Street,Manhattan,3/24/2018,40.731351,-73.982555,,
361,1st Avenue and East 15th  Street,Manhattan,3/24/2018,40.731983,-73.981966,,
362,1st Avenue and East 16th  Street,Manhattan,2/24/2018,40.732619,-73.981501,,
363,1st Avenue and East 17th Street,Manhattan,5/3/2017,40.733212,-73.981057,,
364,1st Avenue and East 18th  Street,Manhattan,2/3/2018,40.73378,-73.980645,,
365,1st Avenue and East 19th Street,Manhattan,6/29/2017,40.734387,-73.980205,,
366,1st Avenue and East 20th Street,Manhattan,5/26/2018,40.734963,-73.97979,,
367,1st Avenue and East 21st Street,Manhattan,6/17/2017,40.735553,-73.979349,,
368,1st Avenue and East 22nd Street,Manhattan,5/24/2017,40.736165,-73.978909,,
369,1st Avenue and East 23rd Street,Manhattan,5/15/2018,40.736887,-73.978541,,
370,1st Avenue and East 28th Street,Manhattan,11/10/2018,,,,
371,1st Avenue and East 34th Street,Manhattan,6/3/2022,40.743783,-73.973508,,
372,1st Avenue at East 82nd Street,Manhattan,9/14/2020,40.774292,-73.951262,,
373,1st Avenue between E 30th Street and E 33rd Street,Manhattan,2/2/2016,40.741275,-73.975342,40.7431,-73.97401
374,2nd Avenue and East 23rd Street,Manhattan,5/5/2018,40.737886,-73.980904,,
375,2nd Avenue and East 96th Street,Manhattan,8/24/2019,40.784246,-73.947088,,
376,2nd Avenue and East 98th Street,Manhattan,11/23/2016,,,,
377,2nd Avenue and Pedestrian Crossing (East 107th Street),Manhattan,11/23/2016,,,,
378,2nd Avenue and Pedestrian Crossing (East 114th Street),Manhattan,11/9/2016,,,,
379,2nd Avenue and Stuyvesant Square (East 16th Street),Manhattan,11/9/2016,,,,
380,3rd Avenue and East 23rd Street,Manhattan,8/15/2018,40.738831,-73.983148,,
381,3rd Avenue and East 59th Street (Lighthouse),Manhattan,2/2/2010,,,,
382,3rd Avenue and East 72nd Street,Manhattan,10/20/2015,40.769751,-73.960602,,
383,3rd Avenue and East 77th Street,Manhattan,4/14/2022,40.772967,-73.958257,,
384,3rd Avenue and Pedestrian Crossing at East 113th Street,Manhattan,11/25/2016,,,,
385,3rd Avenue and Pedestrian Crossing at East 114th Street,Manhattan,1/30/2017,,,,
386,5th Avenue and 125th Street,Manhattan,11/5/2016,40.806415,-73.942262,,
387,5th Avenue and 58th Street and Grand Army Plaza,Manhattan,7/20/2014,,,,
388,5th Avenue and East 23rd Street,Manhattan,4/13/2012,40.741549,-73.989574,,
389,5th Avenue and West 141st Street,Manhattan,12/22/2021,40.816528,-73.934873,,
390,5th Avenue at Pedestrian Crossing (West/East 113th Street),Manhattan,11/22/2016,,,,
391,5th Avenue with East 124th and West 124th Streets,Manhattan,8/19/2016,,,,
392,5th Avenue with East and West 8th Street,Manhattan,10/19/2019,,,,
393,6th Avenue / Avenue of The Americas and West 9th Street,Manhattan,11/27/2018,,,,
394,7th Avenue and West 17th Street,Manhattan,9/1/2019,40.740471,-73.998286,,
395,7th Avenue and West 23rd Street,Manhattan,9/16/2011,40.744099,-73.995644,,
396,7th Avenue and West 32nd Street,Manhattan,7/5/2012,40.749707,-73.991562,,
397,7th Avenue and West 47th Street,Manhattan,2/24/2017,40.7592,-73.984619,,
398,7th Avenue and West 58th Street,Manhattan,7/18/2021,40.766198,-73.979546,,
399,7th Avenue South and Leroy Street ,Manhattan,12/21/2019,40.730321,-74.004687,,
400,7th Avenue with Bleecker Street and Barrow Street,Manhattan,3/11/2020,,,,
401,"7th Avenue with Varick Street, Clarkson Street and Carmine Street",Manhattan,8/31/2020,,,,
402,8th Avenue and West 130th Street,Manhattan,11/18/2016,40.813371,-73.948831,,
403,8th Avenue and West 18th Street,Manhattan,2/28/2022,40.742255,-74.000704,,
404,8th Avenue and West 20th Street,Manhattan,5/25/2022,40.743424,-73.999848,,
405,8th Avenue and West 23rd Street,Manhattan,11/10/2018,40.745293,-73.998488,,
406,8th Avenue and West 25th Street,Manhattan,10/26/2019,40.746581,-73.997553,,
407,8th Avenue and West 54th Street,Manhattan,7/23/2020,40.764791,-73.984282,,
408,8th Avenue and West 55th Street,Manhattan,3/1/2013,40.765419,-73.983824,,
409,8th Avenue between West 31st and West 32nd Streets,Manhattan,6/25/2016,,,,
410,9th Avenue and West  23rd Street,Manhattan,7/24/2018,40.746493,-74.001324,,
411,9th Avenue and West  27th Street,Manhattan,1/26/2017,40.749073,-73.999448,,
412,9th Avenue and West  43rd Street,Manhattan,6/4/2018,40.759105,-73.992138,,
413,9th Avenue and West 18th Street,Manhattan,3/2/2022,40.743449,-74.00354,,
414,Amsterdam Avenue and 250' South of West 138th Street (mid-block),Manhattan,12/10/2020,,,,
415,Amsterdam Avenue and Cathedral Parkway (West 110th Street),Manhattan,7/22/2021,,,,
416,Amsterdam Avenue and Pedestrian crossing 200' North of West 62nd Street,Manhattan,1/27/2017,,,,
417,Amsterdam Avenue and West 113th Street,Manhattan,10/31/2015,40.804887,-73.962474,,
418,Amsterdam Avenue and West 114th Street,Manhattan,8/12/2016,40.805509,-73.962007,,
419,Amsterdam Avenue and West 185th Street,Manhattan,5/28/2020,40.850524,-73.929201,,
420,Amsterdam Avenue and West 64th Street,Manhattan,2/11/2020,40.77353,-73.985331,,
421,Amsterdam Avenue and West 66th Street,Manhattan,3/15/2020,40.774809,-73.984413,,
422,Amsterdam Avenue and West 73rd Street,Manhattan,11/1/2019,40.779291,-73.981134,,
423,Amsterdam Avenue and West 79th Street ,Manhattan,5/22/2019,40.783147,-73.978327,,
424,Amsterdam Avenue and West 96th Street,Manhattan,3/17/2020,40.794053,-73.970367,,
425,Amsterdam Avenue and West 97th Street,Manhattan,7/14/2020,40.794736,-73.969872,,
426,Amsterdam Avenue at Pedestrian Crossing (West 117th Street),Manhattan,11/22/2016,,,,
427,Amsterdam Avenue pedestrian crossing (btwn West 123rd and La Salle Sts),Manhattan,1/25/2017,,,,
428,Avenue C and East 16th Street ,Manhattan,10/31/2019,40.729799,-73.974801,,
429,Avenue C and East 20th Street,Manhattan,5/7/2020,40.732593,-73.974411,,
430,Avenue D and East 11th Street,Manhattan,11/17/2016,,,,
431,Avenue D and East 3rd Street,Manhattan,10/6/2016,40.720674,-73.978232,,
432,Avenue of the Americas and 23rd Street (Selis Manor),Manhattan,5/25/2004,,,,
433,Avenue of the Americas and West 11th Street,Manhattan,2/13/2020,40.73539,-73.998275,,
434,Avenue of the Americas and West 16th Street,Manhattan,8/8/2019,40.738687,-73.995875,,
435,Avenue of the Americas and West 57th Street,Manhattan,3/15/2020,40.764323,-73.977196,,
436,Avenue of the Americas at West 40th Street,Manhattan,3/30/2020,40.753554,-73.985043,,
437,Avenue of the Americas with Dominick Street  and Clark Street,Manhattan,1/26/2017,,,,
438,Battery Place and Washington Street,Manhattan,5/11/2015,,,,
439,Beekman Street and Nassau Street,Manhattan,8/27/2016,40.711231,-74.006478,,
440,Beekman Street and Williams Street,Manhattan,12/18/2016,,,,
441,Broadway and 5th Avenue between 23rd Street and 24th Street,Manhattan,4/27/2018,,,,
442,Broadway and 7th Avenue with West 43rd Street,Manhattan,2/24/2017,,,,
443,Broadway and 7th Avenue with West 44th Street,Manhattan,2/24/2017,,,,
444,Broadway and 7th Avenue with West 45th Street,Manhattan,2/24/2017,,,,
445,Broadway and 7th Avenue with West 46th Street,Manhattan,2/24/2017,,,,
446,Broadway and Astor Place,Manhattan,7/18/2018,40.730079,-73.992842,,
447,Broadway and Bowling Green,Manhattan,9/13/2013,,,,
448,Broadway and Columbus Avenue with West 65 Street,Manhattan,9/24/2010,,,,
449,Broadway and Sherman Avenue ,Manhattan,8/25/2019,,,,
450,Broadway and West 106th Street,Manhattan,2/11/2020,40.801353,-73.967875,,
451,Broadway and West 117th Street (midblock crossing),Manhattan,5/17/2018,,,,
452,Broadway and West 125th Street,Manhattan,4/22/2022,40.815691,-73.958295,,
453,Broadway and West 133th Street ,Manhattan,5/6/2019,40.818803,-73.95602,,
454,Broadway and West 152nd Street,Manhattan,7/22/2019,40.830846,-73.947224,,
455,Broadway and West 153rd Street,Manhattan,7/26/2019,40.831471,-73.946768,,
456,Broadway and West 160th Street,Manhattan,10/23/2019,40.835933,-73.943512,,
457,Broadway and West 164th Street,Manhattan,9/24/2018,40.838427,-73.941689,,
458,Broadway and West 173rd Street,Manhattan,10/23/2019,40.84468,-73.938853,,
459,Broadway and West 175th Street,Manhattan,10/31/2016,40.846192,-73.938451,,
460,Broadway and West 184th Street,Manhattan,7/20/2021,40.852059,-73.934776,,
461,Broadway and West 187th Street,Manhattan,7/16/2021,40.854169,-73.933704,,
462,Broadway and West 220th Street,Manhattan,6/21/2022,40.872316,-73.912736,,
463,Broadway and West 23rd Street,Manhattan,4/13/2012,,,,
464,Broadway and West 49th Street,Manhattan,9/8/2021,40.760795,-73.984511,,
465,Broadway and West 64th Street,Manhattan,3/8/2017,40.772182,-73.982179,,
466,Broadway and West 66th Street,Manhattan,8/10/2016,40.773876,-73.982226,,
467,Broadway and West 78th Street,Manhattan,6/27/2019,40.783161,-73.980472,,
468,Broadway and West 79th Street,Manhattan,8/21/2018,40.783844,-73.979988,,
469,Broadway and West 86th Street,Manhattan,7/30/2019,40.788315,-73.976498,,
470,Broadway and West 96th Street,Manhattan,3/1/2017,40.794651,-73.971783,,
471,Broadway at Cathedral Parkway (West 110th Street),Manhattan,1/3/2020,,,,
472,Broadway at West 182nd Street,Manhattan,9/22/2020,40.850774,-73.935425,,
473,Broadway with Dyckman Street and Riverside Drive,Manhattan,10/31/2016,40.86527,-73.927757,40.865536,-73.927268
474,Broadway with West 126th Street and 129th Street,Manhattan,4/13/2022,,,,
475,Broadway with West 218th Street and 10th Avenue,Manhattan,3/3/2017,40.871195,-73.91409,40.871351,-73.913873
476,Central Park West and Pedestrian Crossing (West 79th Street),Manhattan,1/26/2017,,,,
477,Central Park West and West 100th Street,Manhattan,11/4/2019,40.794237,-73.962823,,
478,Central Park West and West 65th Street (North/East/West Legs-Phase II),Manhattan,10/20/2015,,,,
479,Central Park West and West 65th Street (South Leg-Phase I),Manhattan,9/24/2010,,,,
480,Central Park West and West 72nd Street,Manhattan,9/7/2018,40.776221,-73.975954,,
481,Central Park West and West 82nd Street,Manhattan,10/14/2021,40.782706,-73.971224,,
482,Central Park West and West 97th Street,Manhattan,9/11/2019,40.792363,-73.964174,,
483,Centre Street and Brooklyn Bridge Exit,Manhattan,7/30/2018,,,,
484,Centre Street and Chambers Street,Manhattan,9/3/2021,40.713136,-74.004058,,
485,Centre Street and Franklin Walk,Manhattan,1/26/2017,,,,
486,Cherry Street and Rutgers Street,Manhattan,10/26/2016,40.711244,-73.989734,,
487,Church Street with Franklin Street and Avenue of the Americas,Manhattan,4/11/2022,,,,
488,Clinton Street and Henry Street ,Manhattan,12/23/2019,40.713637,-73.987057,,
489,Clinton Street between East Broadway and Grand Street,Manhattan,6/29/2017,40.715954,-73.986721,40.714313,-73.987165
490,Columbus Avenue and West 64th Street,Manhattan,3/8/2017,40.772292,-73.98254,,
491,Columbus Avenue and West 66th Street,Manhattan,8/4/2016,40.773601,-73.981572,,
492,Columbus Avenue and West 97th Street,Manhattan,11/7/2018,40.793558,-73.967016,,
493,Columbus Avenue and West 98th Street Pedestrian Crossing,Manhattan,9/13/2017,,,,
494,Columbus Avenue at West 72nd Street,Manhattan,6/16/2020,40.777413,-73.978798,,
495,Columbus Avenue midblock crossing between West 100th Street and West 104th Street (West 102nd Street),Manhattan,5/16/2018,,,,
496,Columbus Avenue midblock crossing between West 100th Street and West 104th Street (West 103rd Street),Manhattan,5/16/2018,,,,
497,Columbus Avenue midblock crossing between West 97th Street and West 100th Street (West 99th Street),Manhattan,5/17/2018,,,,
498,Delancey Street and Essex Street ,Manhattan,6/5/2019,40.718556,-73.9882,,
499,East 116th Street with Manhattan Center for Science and Math and East River Plaza Mall,Manhattan,6/8/2022,,,,
500,East 37th Street and FDR Drive,Manhattan,7/18/2017,,,,
501,East Broadway between Catherine Street and Market Street,Manhattan,2/23/2016,40.713468,-73.997302,40.71369,-73.994586
502,East End Avenue and East 85th Street,Manhattan,7/16/2014,40.774251,-73.945265,,
503,East Houston Street and Pitt Street,Manhattan,11/14/2018,40.72071,-73.981309,,
504,East Houston Street with Avenue D and Columbia Street,Manhattan,12/4/2018,,,,
505,East Houston Street with Clinton Street and Avenue B,Manhattan,11/3/2019,,,,
506,East Houston Street with Essex Street and Avenue A ,Manhattan,8/1/2019,,,,
507,Edgecombe Avenue and West 164th Street,Manhattan,3/1/2014,40.83647,-73.937025,,
508,Eighth Avenue and West 52nd Street,Manhattan,10/14/2019,40.763545,-73.985192,,
509,Eighth Avenue and West 53rd Street,Manhattan,10/26/2019,40.764171,-73.984734,,
510,Fifth Avenue and West 99th Street (pedestrian crossing),Manhattan,1/25/2017,,,,
511,Fifth Avenue pedestrian crossing (btwn East 132nd and East 135th Streets),Manhattan,1/25/2017,,,,
512,First Avenue and East 13th Street,Manhattan,6/21/2021,40.730654,-73.983071,,
513,First Avenue and East 54th Street,Manhattan,2/22/2020,40.756382,-73.964324,,
514,First Avenue and East 66th Street,Manhattan,10/26/2020,40.763991,-73.958782,,
515,First Avenue and East 67th Street,Manhattan,2/26/2021,40.764617,-73.958323,,
516,Fort Washington Avenue between 165th Street and 168th Street (mid-block),Manhattan,1/25/2021,,,,
517,Frederick Douglass Boulevard (8th Avenue) and West 125th Street,Manhattan,5/22/2017,,,,
518,Frederick Douglass Boulevard and West 156th Street,Manhattan,5/22/2017,,,,
519,Gold Street and Beekman Street,Manhattan,9/20/2013,40.709661,-74.004826,,
520,Gold Street and Fulton Street,Manhattan,9/30/2013,40.709093,-74.005511,,
521,Gold Street and Spruce Street,Manhattan,9/20/2013,40.710166,-74.004253,,
522,Grand Street and Clinton Street,Manhattan,11/6/2020,40.715954,-73.986721,,
523,Grand Street and Lewis Street,Manhattan,6/3/2021,40.713974,-73.979962,,
524,Grand Street and Ridge Street,Manhattan,2/23/2016,,,,
525,Greenwich Street and Barclay Street,Manhattan,10/29/2015,,,,
526,Greenwich Street and Chambers Street,Manhattan,8/18/2020,40.716303,-74.010966,,
527,Greenwich Street and Cortlandt Way (mid-block),Manhattan,1/30/2019,,,,
528,Greenwich Street and West 10th Street,Manhattan,1/9/2022,40.73359,-74.007343,,
529,La Guardia Place (West Broadway) and Washington Square South,Manhattan,3/23/2021,,,,
530,Lafayette Street and Pedestrian crossing (Pearl Street),Manhattan,1/27/2017,,,,
531,Lenox Avenue and West 126th Street,Manhattan,6/8/2022,40.808448,-73.944995,,
532,Lenox Avenue and West 128th Street,Manhattan,5/26/2022,40.809693,-73.944084,,
533,Lenox Avenue and West 134th Street,Manhattan,6/1/2021,40.813438,-73.941346,,
534,Lexington Avenue and 125th Street,Manhattan,9/23/2019,40.804376,-73.93742,,
535,Lexington Avenue and East 113th Street (Pedestrian Crossing),Manhattan,4/3/2018,,,,
536,Lexington Avenue and East 114th Street (Pedestrian Crossing),Manhattan,4/3/2018,,,,
537,Lexington Avenue and East 23rd Street,Manhattan,8/19/2018,40.739512,-73.984743,,
538,Lexington Avenue and East 25th Street,Manhattan,3/1/2017,40.740791,-73.983812,,
539,Lexington Avenue and East 42nd Street,Manhattan,9/12/2018,40.751442,-73.976049,,
540,Lexington Avenue and East 43rd Street,Manhattan,11/17/2018,40.752117,-73.975558,,
541,Lexington Avenue and East 52nd Street,Manhattan,6/26/2012,40.757748,-73.971452,,
542,Lexington Avenue and East 59th Street (Lighthouse),Manhattan,10/22/2004,,,,
543,Madison Avenue and East 100th Street pedestrian crossing (mid-block),Manhattan,7/16/2018,,,,
544,Madison Avenue and East 113th Street pedestrian crossing (mid-block),Manhattan,7/16/2018,,,,
545,Madison Avenue and East 114th Street pedestrian crossing (mid-block),Manhattan,7/19/2018,,,,
546,Madison Avenue and East 116th Street,Manhattan,2/17/2022,40.799986,-73.944847,,
547,Madison Avenue and East 133rd Street,Manhattan,5/16/2017,,,,
548,Madison Avenue and East 134th Street,Manhattan,5/15/2017,,,,
549,Madison Avenue and East 23rd Street,Manhattan,5/18/2018,40.740874,-73.987983,,
550,Madison Avenue and East 25th Street,Manhattan,11/12/2021,40.742142,-73.987055,,
551,Madison Street and 300' west of Jackson Street,Manhattan,9/12/2017,,,,
552,Madison Street and Jefferson Street,Manhattan,6/20/2014,40.71277,-73.988482,,
553,Maiden Lane at Front Street,Manhattan,6/27/2014,40.705791,-74.005522,,
554,Malcolm X Boulevard (Lenox Avenue) and West 111th Street,Manhattan,10/19/2021,,,,
555,Malcolm X Boulevard (Lenox Avenue) and West 145th Street,Manhattan,2/23/2017,,,,
556,Murray Street and 270' West of West Street,Manhattan,1/27/2017,,,,
557,Park Avenue  and East 113th Street pedestrian crossing (mid-block),Manhattan,7/19/2018,,,,
558,Park Avenue and East 102nd Street,Manhattan,1/25/2022,40.79037,-73.949766,,
559,Park Avenue and East 132nd Street,Manhattan,1/28/2022,40.809497,-73.935808,,
560,Park Avenue and East 55th Street,Manhattan,5/2/2022,40.760312,-73.971696,,
561,Park Avenue and East 59th Street (Lighthouse),Manhattan,10/12/2004,,,,
562,Park Avenue and East 81st Street,Manhattan,4/7/2021,40.776958,-73.959547,,
563,Park Avenue at East 115th Street,Manhattan,1/6/2020,40.798615,-73.943743,,
564,Park Avenue South and East 23rd Street,Manhattan,5/25/2018,40.740185,-73.986363,,
565,Pearl Street and Beekman Street,Manhattan,8/10/2019,40.708083,-74.003401,,
566,Pleasant Avenue and East 118th Street,Manhattan,8/8/2020,40.796359,-73.932202,,
567,Riverside Drive and 200’ North of West 181st Street (mid-block),Manhattan,12/3/2018,,,,
568,Riverside Drive and West  94th Street,Manhattan,9/13/2017,40.79488,-73.976355,,
569,Riverside Drive and West 101st Street (mid-block),Manhattan,2/13/2019,,,,
570,Riverside Drive and West 103rd Street ,Manhattan,12/4/2018,40.800333,-73.971459,,
571,Riverside Drive and West 106th Street ,Manhattan,12/4/2018,,,,
572,Riverside Drive and West 112th Street (midblock crossing),Manhattan,5/17/2018,,,,
573,Riverside Drive and West 138th Street,Manhattan,5/11/2017,40.822892,-73.955732,,
574,Riverside Drive and West 151st Street,Manhattan,5/11/2017,40.830962,-73.949461,,
575,Riverside Drive and West 163rd Street,Manhattan,5/12/2017,40.839233,-73.945544,,
576,Riverside Drive and West 95th Street ,Manhattan,12/1/2019,40.795528,-73.975929,,
577,Riverside Drive and West 99th Street (mid-block),Manhattan,2/13/2019,,,,
578,Riverside Drive North Triangle (Tiemann Stairs),Manhattan,5/17/2018,,,,
579,Riverside Drive Northbound and Grants Tomb 450' North of West 122nd Street,Manhattan,11/20/2019,,,,
580,Riverside Drive South Triangle (Tiemann Stairs),Manhattan,1/25/2018,,,,
581,Riverside Drive Southbound and 450' North Of West 122nd Street,Manhattan,8/13/2019,,,,
582,Second Avenue and East 42nd Street,Manhattan,3/10/2021,40.749824,-73.972202,,
583,Second Avenue and East 53rd Street,Manhattan,4/18/2022,40.756765,-73.967153,,
584,Second Avenue and East 72nd Street,Manhattan,11/4/2019,40.768797,-73.958364,,
585,Spruce Street and Nassau Street,Manhattan,3/20/2020,40.711678,-74.005851,,
586,St James Place and James Street,Manhattan,11/20/2013,40.712598,-73.998885,,
587,St Nicholas Avenue and Pedestrian Crossing between West 130th and West 133rd Streets,Manhattan,5/15/2017,,,,
588,St Nicholas Avenue and West 125th Street,Manhattan,10/21/2016,40.810765,-73.95259,,
589,St Nicholas Avenue and West 156th Street,Manhattan,5/12/2017,,,,
590,St Nicholas Avenue and West 177th Street,Manhattan,5/20/2022,40.846726,-73.93562,,
591,St Nicholas Avenue and West 183rd Street,Manhattan,6/24/2022,40.850507,-73.932862,,
592,Stone Street and Broad Street,Manhattan,4/6/2016,40.70402,-74.011577,,
593,Stone Street and Whitehall Street,Manhattan,6/7/2012,40.704042,-74.013186,,
594,Sutton Place and East 57th Street,Manhattan,9/1/2019,40.757364,-73.96067,,
595,Third Avenue and East 28th Street,Manhattan,8/5/2020,40.741971,-73.980859,,
596,Third Avenue and East 42nd Street ,Manhattan,11/20/2019,40.750766,-73.974443,,
597,Third Avenue and East 65th Street,Manhattan,10/21/2021,40.765311,-73.963842,,
598,Varick Street and West Houston Street,Manhattan,6/30/2021,40.728605,-74.005315,,
599,Vesey Street between North End Avenue and West Street,Manhattan,9/7/2017,40.713731,-74.013841,40.714768,-74.0162
600,Washington Square South and Thompson Street,Manhattan,8/9/2015,40.730288,-73.998073,,
601,Washington Street and Gansevoort Street,Manhattan,6/28/2021,40.739375,-74.008051,,
602,Water Street and Fulton Street,Manhattan,10/6/2016,,,,
603,West 100th Street and Manhatan Avenue,Manhattan,5/27/2022,,,,
604,West 106th Street between Amsterdam Avenue and Columbus Avenue (mid-block),Manhattan,4/20/2022,,,,
605,West 112th Street between Lenox Avenue and 5th Avenue (mid-block),Manhattan,2/13/2019,,,,
606,West 125th Street and 12th Avenue,Manhattan,3/9/2022,,,,
607,West 125th Street at 400’ east of Frederick Douglass Boulevard,Manhattan,10/31/2016,,,,
608,West 125th Street at 400’ west of Lenox Avenue,Manhattan,10/28/2016,,,,
609,West 125th Street at 450’ west of 5th Avenue,Manhattan,10/28/2016,,,,
610,West 125th Street with St Clair Place and West 129th Street ,Manhattan,2/18/2022,,,,
611,West 155th Street with Edgecomb Avenue and HRD / St Nicholas Place,Manhattan,12/30/2015,,,,
612,West 157th Street with Edward Morgan Place and Broadway,Manhattan,2/11/2022,40.834061,-73.94488,40.834273,-73.945364
613,West 23rd Street between 5th Avenue and 6th Avenue (Mid-block),Manhattan,7/25/2013,,,,
614,West 34th Street between 7th and 8th Avenues,Manhattan,3/12/2016,,,,
615,West 34th Street between 8th Avenue and 9th Avenue (mid-block),Manhattan,2/7/2012,,,,
616,"West 34th Street between Broadway, 6th and 7th Avenues",Manhattan,5/7/2016,,,,
617,West 3rd Street at Wooster Street (1 Washington Square Village),Manhattan,1/30/2020,,,,
618,West 42nd Street between 5th Avenue and 6th Avenue,Manhattan,3/10/2016,40.753482,-73.980889,40.754841,-73.984119
619,West 42nd Street between 7th Avenue and 8th Avenue,Manhattan,5/2/2016,40.756036,-73.986948,40.757233,-73.989792
620,West 42nd Street between 8th Avenue and 9th Avenue,Manhattan,5/9/2016,40.757233,-73.989792,40.75843,-73.992633
621,West 53rd Street between 5th and 6th Avenues,Manhattan,10/3/2016,,,,
622,West 57th Street between 6th Avenue and 5th Avenue (300' East of 6th Avenue) (mid-block),Manhattan,2/14/2020,,,,
623,West 57th Street between 6th Avenue and 7th Avenue (Mid-block),Manhattan,6/23/2013,,,,
624,West 57th Street between 8th Avenue and 9th Avenue (Mid-block),Manhattan,7/25/2013,,,,
625,West End Avenue and Pedestrian Crossing (120’ north of West 67th Street),Manhattan,9/11/2017,,,,
626,West End Avenue and Pedestrian Crossing (West 69th Street),Manhattan,9/11/2017,,,,
627,West End Avenue and West 63rd Street,Manhattan,6/4/2019,40.774115,-73.988627,,
628,West End Avenue and West 64th Street ,Manhattan,5/22/2019,40.774736,-73.988176,,
629,West End Avenue and West 65th Street,Manhattan,3/26/2019,40.775372,-73.98771,,
630,West End Avenue and West 70th Street,Manhattan,4/11/2022,40.778476,-73.985449,,
631,West End Avenue and West 79th Street,Manhattan,2/24/2020,40.784355,-73.981165,,
632,West End Avenue and West 95th Street,Manhattan,6/18/2021,40.79458,-73.973701,,
633,West End Avenue and West 97th Street ,Manhattan,9/10/2019,40.795928,-73.972718,,
634,West Street and Horatio Street (mid-block),Manhattan,3/20/2019,,,,
635,York Avenue and East 62nd Street,Manhattan,7/22/2012,40.760536,-73.958351,,
636,York Avenue and East 68th Street,Manhattan,10/25/2019,40.764289,-73.955616,,
637,York Avenue with FDR Drive Entrance/Exit Ramps and East 63rd Street,Manhattan,9/1/2019,,,,
638,101st Avenue and 104th Street,Queens,6/22/2022,40.68624,-73.839059,,
639,101st Avenue and 110th Street,Queens,3/31/2022,,,,
640,101st Avenue and 81st Street,Queens,7/6/2020,40.680879,-73.857907,,
641,101st Avenue at 112th Street,Queens,6/9/2020,40.688294,-73.831853,,
642,103rd Avenue and 98th Street,Queens,4/14/2021,40.683019,-73.84237,,
643,107th Avenue at 120th Street,Queens,6/24/2020,40.684643,-73.822347,,
644,108th Street and 63rd Drive,Queens,11/14/2019,40.733607,-73.849946,,
645,108th Street and Van Doren Street,Queens,3/26/2019,40.740194,-73.853342,,
646,109th Avenue and 122nd Street,Queens,5/12/2021,40.683002,-73.819543,,
647,109th Avenue and 133rd Street,Queens,4/17/2020,40.686024,-73.810863,,
648,109th Avenue with 130th Street and 129th Street,Queens,12/16/2020,40.684599,-73.813935,40.684711,-73.813593
649,110th Avenue and Sutphin Boulevard,Queens,8/15/2016,,,,
650,111th Avenue with 126th Street and Hawtree Creek Road,Queens,4/6/2022,40.682208,-73.81533,40.682251,-73.815161
651,111th Street and 46th Avenue,Queens,1/15/2021,40.74816,-73.854053,,
652,137th Avenue and 172nd Street,Queens,4/7/2017,40.672887,-73.768516,,
653,145th Avenue and Springfield Boulevard,Queens,6/6/2018,40.664761,-73.75869,,
654,147th Avenue and 184th Street,Queens,12/7/2021,,,,
655,150th Street and 15th Drive,Queens,7/14/2017,40.78557,-73.813617,,
656,188th Street and 186th Lane,Queens,3/19/2021,,,,
657,20th Avenue and Whitestone Expressway (NorthBound Service Road),Queens,11/29/2018,,,,
658,20th Avenue and Whitestone Expressway (Southbound Service Road),Queens,11/29/2018,,,,
659,212th Street between 18th Avenue and 23rd Avenue) (mid-block),Queens,2/20/2020,,,,
660,21st Avenue and 24th Street,Queens,4/20/2022,40.78109,-73.912899,,
661,21st Street and 21st Road,Queens,4/21/2020,,,,
662,21st Street and 30th Avenue,Queens,1/26/2022,40.769888,-73.927806,,
663,21st Street and 31st Avenue,Queens,10/11/2019,40.767326,-73.929856,,
664,21st Street and 31st Drive,Queens,10/1/2019,40.766064,-73.930886,,
665,21st Street and 31st Road,Queens,7/12/2019,40.766668,-73.930387,,
666,21st Street and 34th Avenue,Queens,3/5/2020,40.762827,-73.933979,,
667,21st Street and 38th Avenue,Queens,10/10/2019,40.757472,-73.939099,,
668,21st Street and 40th Avenue,Queens,10/20/2021,40.755234,-73.941238,,
669,21st Street and 41st Avenue,Queens,8/17/2019,40.753996,-73.94243,,
670,21st Street with Astoria Boulevard and 27th Avenue,Queens,1/20/2022,,,,
671,223rd Street and 103rd Avenue,Queens,11/25/2020,40.71147,-73.731493,,
672,24th Avenue and 33rd Street,Queens,9/14/2021,40.771523,-73.914309,,
673,25th Avenue and 81st Street,Queens,8/26/2021,40.762959,-73.887661,,
674,27th Avenue and 8th Street (Goodwill Industries),Queens,8/8/2006,,,,
675,30th Avenue and 30th Street,Queens,1/30/2019,40.767274,-73.922202,,
676,30th Avenue and 70th Street,Queens,2/17/2022,40.760045,-73.897553,,
677,31st Avenue and 100th Street,Queens,10/15/2020,40.76101,-73.86915,,
678,31st Avenue and 68th Street,Queens,6/16/2022,40.757848,-73.899213,,
679,31st Avenue and 97th Street,Queens,11/24/2021,40.760725,-73.872078,,
680,31st Road and 138th Street,Queens,4/25/2020,40.770223,-73.830545,,
681,32nd Avenue and 55th Street,Queens,9/7/2021,40.755532,-73.90619,,
682,32nd Avenue with 93rd Street and Jackson Mill Road,Queens,5/14/2020,,,,
683,35th Avenue with 70th Street and Leverich Street,Queens,5/7/2020,,,,
684,36th Avenue and 13th Street,Queens,10/14/2020,40.760516,-73.938342,,
685,36th Avenue and 14th Street,Queens,3/31/2021,40.760202,-73.937491,,
686,36th Avenue and 23rd Street,Queens,11/21/2013,40.75907,-73.935059,,
687,37th Avenue and  78th Street,Queens,5/23/2018,40.749356,-73.888027,,
688,37th Avenue and 102nd Street,Queens,4/29/2022,40.75301,-73.865401,,
689,37th Avenue and 90th Street,Queens,6/28/2022,40.75053,-73.876876,,
690,38th Avenue and 28th Street,Queens,10/1/2021,40.755016,-73.934334,,
691,38th Avenue and 30th Street ,Queens,3/19/2020,40.754194,-73.93279,,
692,39th Avenue and 52nd Street,Queens,11/10/2021,,,,
693,43rd Avenue at 97th Place,Queens,1/2/2020,40.7461,-73.866415,,
694,44th Drive and Hunter Street,Queens,3/9/2019,40.747429,-73.943844,,
695,45th Avenue and Union Street,Queens,10/28/2019,40.752937,-73.819779,,
696,47th Avenue and 33rd Street,Queens,3/18/2022,40.74266,-73.932083,,
697,47th Avenue and 35th Street,Queens,1/16/2022,40.742445,-73.930225,,
698,47th Street and 48th Avenue,Queens,3/20/2018,40.739204,-73.91854,,
699,48th Avenue and 211th Street,Queens,11/17/2019,,,,
700,48th Avenue and 32nd Place,Queens,4/22/2022,40.740921,-73.93338,,
701,64th Avenue (East Leg) and 188th Street,Queens,8/18/2021,,,,
702,64th Avenue (North Leg) and 188th Street,Queens,8/18/2021,,,,
703,64th Avenue (South Leg) and 188th Street,Queens,8/10/2021,,,,
704,64th Avenue (West Leg) and 188th Street,Queens,8/9/2021,,,,
705,64th Avenue and 175th Street,Queens,4/15/2022,40.737995,-73.79399,,
706,69th Street and 49th Avenue,Queens,10/23/2020,40.737641,-73.895931,,
707,71st Avenue and Juno Street,Queens,12/4/2020,40.713942,-73.848714,,
708,80th Street and 68th Road,Queens,2/18/2022,40.710579,-73.870634,,
709,8th Street and Astoria Boulevard,Queens,8/19/2021,40.772699,-73.932684,,
710,92nd Street between 57th Avenue and 59th Avenue (mid-block),Queens,12/7/2020,,,,
711,Archer Avenue and Parsons Boulevard,Queens,2/16/2017,40.702474,-73.799921,,
712,Astoria Boulevard (South) and 43rd Street,Queens,4/25/2022,,,,
713,Astoria Boulevard and 38th Street,Queens,1/22/2022,,,,
714,Astoria Boulevard and 94th Street,Queens,3/22/2022,40.763009,-73.875322,,
715,Atlantic Avenue and 102nd Street,Queens,6/15/2022,40.689874,-73.842811,,
716,Atlantic Avenue and 108th Street,Queens,6/17/2022,40.691359,-73.837536,,
717,Atlantic Avenue and 118th Street,Queens,3/21/2022,40.693831,-73.828864,,
718,Atlantic Avenue and 84th Street,Queens,11/21/2018,40.685723,-73.857374,,
719,Atlantic Avenue at 87th Street ,Queens,9/25/2020,40.686447,-73.854841,,
720,Austin Street and 69th Road,Queens,5/20/2022,40.721366,-73.848076,,
721,Austin Street and 70th Street,Queens,5/2/2020,,,,
722,Austin Street with 71st Avenue and Continental Avenue,Queens,4/3/2017,,,,
723,Beach 102nd Street and Rockaway Beach Blvd West Leg,Queens,9/22/2017,,,,
724,Bell Boulevard and 47th Avenue,Queens,10/27/2021,40.756908,-73.767669,,
725,Booth Memorial Avenue and 160th Road,Queens,12/7/2019,,,,
726,Borden Avenue and 25th Street,Queens,4/1/2021,40.739552,-73.945305,,
727,Bowne Street and Cherry Avenue,Queens,5/12/2022,40.755515,-73.820299,,
728,Broadway and Corona Avenue,Queens,5/6/2022,40.739396,-73.877918,,
729,Broadway and St James Avenue,Queens,2/22/2022,,,,
730,Broadway between 49th Street and 51st Street (mid-block),Queens,3/16/2021,,,,
731,Brookville Boulevard and 137th Road,Queens,3/24/2022,40.66925,-73.736385,,
732,Brookville Boulevard and Newhall Avenue,Queens,4/27/2022,40.659706,-73.743541,,
733,Clintonville Street and Locke Avenue,Queens,8/1/2014,40.784682,-73.809106,,
734,College Point Boulevard and Pople Avenue,Queens,10/19/2020,40.753008,-73.8326,,
735,Cooper Avenue and 64th Place,Queens,5/13/2022,40.698139,-73.891106,,
736,Corona Avenue and 94th Street,Queens,5/20/2016,,,,
737,Corona Avenue with 108th Street and 53rd Avenue,Queens,6/19/2019,40.743333,-73.854952,40.742685,-73.854621
738,Corona Avenue with 50th Avenue and 106th Street,Queens,2/18/2021,40.743934,-73.857484,40.743923,-73.857325
739,Corona Avenue with Otis Avenue and 54th Avenue,Queens,6/24/2022,40.74211,-73.853677,40.741846,-73.853399
740,Crescent Street and 30th Road,Queens,3/24/2020,,,,
741,Cross Bay Boulevard and East 1st Road,Queens,1/14/2021,40.614872,-73.82164,,
742,Cross Bay Boulevard at Pitkin Avenue,Queens,1/5/2020,40.672151,-73.843181,,
743,Dry Harbor Road and Juniper Boulevard South,Queens,4/2/2021,40.72048,-73.873587,,
744,Dunkirk Street and Wood Street,Queens,5/5/2021,40.699507,-73.771659,,
745,Eliot Avenue and 72nd Street,Queens,12/7/2016,40.721652,-73.886439,,
746,Empire Avenue with Reads Lane and Balsam Court,Queens,10/22/2020,,,,
747,Forest Avenue and Stephen Street,Queens,8/11/2021,40.700082,-73.899502,,
748,Francis Lewis Boulevard and 35th Avenue,Queens,7/16/2014,,,,
749,Francis Lewis Boulevard and 46th Avenue,Queens,7/16/2020,40.754707,-73.781652,,
750,Fresh Pond Road and 60th Road,Queens,9/23/2021,,,,
751,Grand Avenue and 47th Street,Queens,6/25/2021,40.716795,-73.92154,,
752,Grand Avenue and 74th Street,Queens,10/15/2020,,,,
753,Grand Avenue with Haspel Street and Van Kleeck Street,Queens,5/6/2022,40.734874,-73.882108,40.735066,-73.881837
754,Grand Central Parkway and 267th Street,Queens,3/15/2021,40.756281,-73.721094,,
755,Grand Central Parkway and 62nd Drive,Queens,4/28/2020,40.737099,-73.846056,,
756,Grand Central Parkway E/B SR with McLaughlin Avenue and 188th Street,Queens,12/15/2021,,,,
757,Greenpoint Avenue with 48th Avenue and 41st Street,Queens,6/29/2022,40.739881,-73.924302,40.739979,-73.924064
758,Guy R Brewer Boulevard and 150th Avenue,Queens,5/24/2021,40.657053,-73.767458,,
759,Guy R Brewer Boulevard and JHS 72 (mid-block),Queens,8/24/2020,,,,
760,Harper Street and Marina Road,Queens,5/10/2018,40.763635,-73.841987,,
761,Hempstead Avenue and 218th Street,Queens,6/4/2021,40.713985,-73.738116,,
762,Hempstead Avenue and 221st Street,Queens,10/7/2016,40.71256,-73.732985,,
763,Hillside Avenue and 143rd Street,Queens,1/31/2022,40.704876,-73.812779,,
764,Hillside Avenue and 153rd Street,Queens,1/24/2022,40.707228,-73.804498,,
765,Hillside Avenue and 161st Street,Queens,1/20/2022,40.708202,-73.801076,,
766,Hillside Avenue and 164th Street East Leg,Queens,10/28/2020,,,,
767,Hillside Avenue and 175th Street ,Queens,8/9/2019,40.711812,-73.787845,,
768,Hillside Avenue and 178th Street/Edgerton Boulevard,Queens,2/8/2017,,,,
769,Hillside Avenue and 183rd Street,Queens,5/19/2021,40.713848,-73.778871,,
770,Hillside Avenue and 199th Street,Queens,2/6/2017,40.719283,-73.763608,,
771,Hillside Avenue and 205th Street,Queens,1/5/2022,40.720646,-73.760306,,
772,Hillside Avenue and 233rd Street,Queens,11/6/2020,40.733419,-73.737084,,
773,Hillside Avenue and 256th Street,Queens,8/2/2011,40.736556,-73.711931,,
774,Hillside Avenue and 267th Street,Queens,2/4/2021,40.73871,-73.701912,,
775,Hillside Avenue and Cross Island YMCA (170' West of 239th Street) (mid-block),Queens,5/26/2020,,,,
776,Hillside Avenue and Springfield Boulevard,Queens,1/7/2022,40.72981,-73.744682,,
777,Hillside Avenue with 187th Street and Chelsea Street,Queens,10/6/2021,40.7146,-73.775716,40.714698,-73.775301
778,Hillside Avenue with Babbage Street and 118th Street ,Queens,2/16/2021,40.700767,-73.832334,40.700871,-73.832276
779,Hillside Avenue with Merrick Boulevard and 166th Street,Queens,12/2/2016,,,,
780,Hobart Street and 30th Avenue ,Queens,12/18/2019,40.759838,-73.906325,,
781,Hollis Avenue and 190th Street,Queens,2/27/2020,40.709808,-73.768814,,
782,Hollis Court Boulevard with 189th Street and 46th Road,Queens,6/16/2021,,,,
783,Horace Harding Expressway Eastbound and Cloverdale Boulevard ,Queens,12/10/2019,,,,
784,Horace Harding Expressway Service Road North and 92nd Street ,Queens,12/7/2019,,,,
785,Horace Harding Expressway Westbound and Fresh Meadow Lane ,Queens,12/10/2019,,,,
786,Horace Harding Expressway Westbound Service Road and Cloverdale Boulevard ,Queens,12/10/2019,,,,
787,Horace Harding Expressway Westbound Service Road at Corona Avenue,Queens,1/10/2020,,,,
788,Horace Harding Parkway Service Road Eastbound at Grand Central Parkway Service Road West,Queens,1/10/2020,,,,
789,Hunters Point Avenue and 31st Place,Queens,6/25/2022,40.740069,-73.935449,,
790,Hunters Point Avenue and 32nd Place,Queens,12/22/2020,40.739272,-73.93371,,
791,Jackson Avenue and 21st Street ,Queens,6/30/2019,40.744659,-73.948523,,
792,Jamaica Avenue and 175th Street,Queens,7/8/2019,40.707935,-73.785686,,
793,Jamaica Avenue and 189th Stret,Queens,3/24/2020,40.711355,-73.770067,,
794,Jamaica Avenue and 190th Street,Queens,11/6/2019,,,,
795,Jamaica Avenue and 196th Street,Queens,10/30/2015,40.713319,-73.764018,,
796,Jamaica Avenue and 207th Street,Queens,8/12/2019,40.71409,-73.753122,,
797,Jamaica Avenue and 222nd Street,Queens,10/2/2019,40.720304,-73.732337,,
798,Jamaica Avenue and 224th Street,Queens,2/3/2020,40.721588,-73.731012,,
799,Jamaica Avenue and Springfield Boulevard,Queens,10/11/2016,40.718502,-73.735259,,
800,Jamaica Avenue at 181st Street,Queens,6/8/2020,40.708597,-73.779682,,
801,Jamaica Avenue with 143rd Street and 144th Street ,Queens,8/26/2019,40.702341,-73.811931,40.702274,-73.811527
802,Jamaica Avenue with Woodhull Avenue and 188th Street,Queens,11/13/2019,,,,
803,Juniper Boulevard South and 74th Street,Queens,2/8/2022,40.718272,-73.882628,,
804,Kissena Boulevard and Elder Avenue,Queens,11/29/2016,40.753173,-73.821919,,
805,Kissena Boulevard and Sanford Avenue,Queens,11/28/2016,40.757144,-73.827092,,
806,Laurelton Parkway and 133rd Avenue,Queens,1/10/2022,40.675463,-73.73384,,
807,Liberty Avenue and 102nd Street,Queens,6/30/2021,40.681439,-73.838649,,
808,Liberty Avenue and 127th Street ,Queens,7/23/2021,,,,
809,Liberty Avenue and 80th Street S/B,Queens,6/14/2021,,,,
810,Liberty Avenue at 148th Street,Queens,6/1/2020,40.696936,-73.803573,,
811,Linden Boulevard and 115th Street,Queens,7/15/2021,40.677799,-73.82384,,
812,Linden Boulevard and 118th Street,Queens,4/28/2022,40.678504,-73.821361,,
813,Linden Boulevard and 128th Street,Queens,1/7/2021,40.681007,-73.812561,,
814,Linden Boulevard with Lincoln Street and 134th Street,Queens,2/7/2022,40.682286,-73.808047,40.682366,-73.807773
815,Little Neck Parkway and 254th Street,Queens,2/18/2022,40.754559,-73.723187,,
816,Little Neck Parkway and 86th Avenue,Queens,8/2/2011,40.732501,-73.71148,,
817,Long Island Expressway North Service Road at 99th Street,Queens,1/13/2020,,,,
818,Main Street and 41st Road,Queens,12/5/2016,40.757524,-73.829134,,
819,Main Street and 58th Road,Queens,12/3/2020,40.744577,-73.825807,,
820,Main Street and Northern Boulevard,Queens,11/23/2016,40.762954,-73.831957,,
821,Main Street and Pedestrian Crossing between 63rd Avenue & Gravett Road (mid-block),Queens,2/25/2019,,,,
822,Marathon Parkway and 57th Avenue,Queens,5/2/2012,,,,
823,Maurice Avenue and 66th Street,Queens,5/16/2020,40.735148,-73.899024,,
824,Maurice Avenue and 68th Street,Queens,2/24/2021,40.735086,-73.896913,,
825,Merrick Boulevard and 108th Avenue,Queens,7/26/2021,,,,
826,Merrick Boulevard and 109th Avenue,Queens,10/14/2020,,,,
827,Merrick Boulevard and 231st Street,Queens,9/26/2014,40.675502,-73.738631,,
828,Metropolitan Avenue and 55th Street,Queens,6/30/2021,40.713014,-73.90801,,
829,Metropolitan Avenue and Aubrey Avenue,Queens,11/1/2021,40.711995,-73.860726,,
830,Myrtle Avenue and 82nd Street,Queens,10/30/2015,40.703109,-73.866537,,
831,North Conduit Avenue and 230th Place,Queens,7/16/2021,40.666404,-73.745368,,
832,Northern Boulevard and 103rd Street,Queens,8/7/2019,40.75763,-73.865673,,
833,Northern Boulevard and 110th Street ,Queens,5/14/2019,,,,
834,Northern Boulevard and 112th Street,Queens,11/6/2018,40.758026,-73.857753,,
835,Northern Boulevard and 157th Street,Queens,2/9/2021,40.763798,-73.808231,,
836,Northern Boulevard and 196th Street,Queens,1/13/2021,40.757961,-73.785662,,
837,Northern Boulevard and 220th Place,Queens,12/20/2021,,,,
838,Northern Boulevard and 33rd Street,Queens,2/17/2017,40.751992,-73.931265,,
839,Northern Boulevard and 61st Street,Queens,4/3/2020,40.753902,-73.901215,,
840,Northern Boulevard and 78th Street,Queens,3/23/2020,40.755168,-73.889089,,
841,Northern Boulevard and 89th Street,Queens,8/5/2019,40.756242,-73.878862,,
842,Northern Boulevard and 90th Street               ,Queens,4/25/2018,40.756339,-73.87793,,
843,Northern Boulevard and 99th Street,Queens,8/10/2020,40.757228,-73.869504,,
844,Northern Boulevard and Alley Pond Environmental Center (750’ East of Cross Island NB),Queens,8/30/2018,,,,
845,Northern Boulevard and Sanford Avenue,Queens,6/17/2022,40.759703,-73.800301,,
846,Northern Boulevard at 104th Street,Queens,6/1/2020,40.757694,-73.864619,,
847,Northern Boulevard at 155th Street,Queens,6/9/2020,40.764377,-73.810056,,
848,Northern Boulevard at 167th Street,Queens,6/8/2020,40.759397,-73.7994,,
849,Northern Boulevard at 211th Street,Queens,3/20/2014,,,,
850,Northern Boulevard at 79th Street ,Queens,3/30/2020,40.755266,-73.888158,,
851,Northern Boulevard at 93rd Street,Queens,6/3/2020,40.756633,-73.87514,,
852,Northern Boulevard with Roosevelt Avenue and 156th Street,Queens,11/1/2016,,,,
853,Park Drive East at 136th Street,Queens,1/16/2020,40.72992,-73.833072,,
854,Parsons Boulevard at Franklin Avenue,Queens,9/24/2020,40.758484,-73.820046,,
855,Queens Boulevard (eastbound) and Woodhaven Boulevard,Queens,4/23/2012,,,,
856,Queens Boulevard (westbound) and Woodhaven Boulevard,Queens,3/14/2012,,,,
857,Queens Boulevard and 32nd Place,Queens,7/21/2020,,,,
858,Queens Boulevard and 35th Street,Queens,4/18/2020,40.744454,-73.929826,,
859,Queens Boulevard and 36th Street,Queens,8/10/2021,40.744346,-73.928898,,
860,Queens Boulevard and 37th Street ,Queens,5/2/2019,40.744239,-73.927975,,
861,Queens Boulevard and 39th Street ,Queens,5/3/2019,40.744029,-73.926152,,
862,Queens Boulevard and 40th Street,Queens,3/24/2022,40.743808,-73.924258,,
863,Queens Boulevard and 41st Street ,Queens,5/11/2019,40.743701,-73.923338,,
864,Queens Boulevard and 42nd Street,Queens,2/26/2019,40.743593,-73.922411,,
865,Queens Boulevard and 43rd Street,Queens,1/15/2020,40.743483,-73.92148,,
866,Queens Boulevard and 45th Street,Queens,1/10/2020,40.743264,-73.919629,,
867,Queens Boulevard and 58th Street,Queens,1/20/2014,40.741864,-73.907505,,
868,Queens Boulevard and 66th Street (BQE East Bound Entrance),Queens,4/10/2022,,,,
869,Queens Boulevard and Queens Borough Hall,Queens,10/31/2015,,,,
870,Queens Boulevard at 38th Street,Queens,1/7/2020,40.744131,-73.927047,,
871,Queens Boulevard at 39th Place,Queens,10/22/2019,40.743919,-73.925185,,
872,Queens Boulevard between 72nd and 73rd Streets,Queens,11/10/2016,,,,
873,Queens Boulevard EB SR and Union Turnpike SB SR,Queens,9/25/2021,,,,
874,Queens Boulevard with 57th Avenue and Hoffman Drive,Queens,1/19/2022,40.734674,-73.874344,40.734377,-73.873417
875,Queens Boulevard with 64th Avenue and 64th Road,Queens,3/30/2021,40.729575,-73.860827,40.729355,-73.860224
876,Queens Boulevard with 68th Street and BQE Eastbound Entrance,Queens,3/3/2022,,,,
877,Queens Boulevard with 71st Avenue and 108th Street,Queens,3/7/2020,,,,
878,Queens Plaza North and 28th Street,Queens,8/13/2019,,,,
879,Review Avenue and 37th Street,Queens,8/13/2020,40.733762,-73.937422,,
880,Rockaway Beach Boulevard and Beach 110th Street,Queens,6/14/2022,40.581236,-73.832026,,
881,Rockaway Boulevard and 110th Street,Queens,5/9/2019,40.677692,-73.828837,,
882,Rockaway Boulevard and 123rd Street ,Queens,8/6/2019,,,,
883,Rockaway Boulevard and 135th Street,Queens,11/3/2021,,,,
884,Rockaway Boulevard and 140th Street,Queens,4/7/2021,40.674292,-73.800636,,
885,Rockaway Boulevard and 142nd Street,Queens,10/7/2019,,,,
886,Rockaway Boulevard and 98th Street ,Queens,8/13/2019,40.680166,-73.840945,,
887,Rockaway Boulevard at 130th Street,Queens,1/14/2020,40.674997,-73.808537,,
888,Rockaway Boulevard at 81st Street,Queens,6/20/2020,40.684455,-73.859648,,
889,Rockaway Boulevard with 101st Avenue and 88th Street,Queens,10/8/2019,,,,
890,Rockaway Boulevard with 131st Street and Lincoln Street,Queens,4/9/2021,,,,
891,Rockaway Boulevard with 132nd Street and 120th Avenue,Queens,8/17/2020,40.674801,-73.806381,40.674782,-73.806179
892,Rockaway Boulevard with 84th Street and Digby Place,Queens,4/11/2019,40.683677,-73.85648,40.68365,-73.856376
893,Rockaway Boulevard with 85th Street and 97th Avenue,Queens,6/14/2022,40.683454,-73.855601,40.683371,-73.855277
894,Rockaway Boulevard with Foch Boulevard and 126th Street,Queens,1/5/2020,40.675288,-73.811759,40.675271,-73.811557
895,Roosevelt Avenue and 55th Street,Queens,5/4/2021,40.74494,-73.909587,,
896,Roosevelt Avenue and 57th Street,Queens,3/5/2021,,,,
897,Roosevelt Avenue and 77th Street,Queens,5/16/2022,40.747133,-73.888677,,
898,Roosevelt Avenue and 78th Street,Queens,5/25/2022,,,,
899,Roosevelt Avenue and 98th Street,Queens,6/7/2021,40.749375,-73.867513,,
900,Roosevelt Avenue and Bowne Street,Queens,5/12/2021,40.760994,-73.824421,,
901,"Roosevelt Avenue with Elmhurst Avenue, Case Street and 90th Street",Queens,4/8/2022,,,,
902,Roosevelt Avenue with Woodside Avenue and 59th Avenue,Queens,4/26/2021,,,,
903,Sayres Avenue with 111th Avenue and 177th Street,Queens,5/7/2021,40.696576,-73.776188,40.696727,-73.776086
904,Seneca Avenue and Cornelia Street,Queens,7/25/2014,40.701055,-73.904727,,
905,Seneca Avenue and Stephen Street,Queens,4/6/2021,40.698741,-73.900814,,
906,Skillman Avenue and 54th Street,Queens,10/8/2019,,,,
907,Springfield Boulevard at Amboy Lane,Queens,6/13/2020,40.717978,-73.735337,,
908,Steinway Street and  440' north of 31st Avenue (midblock crossing),Queens,5/22/2018,,,,
909,Steinway Street between 34th Avenue and Broadway (midblock),Queens,7/26/2018,,,,
910,Steinway Street between Broadway and 31st Avenue (midblock),Queens,6/30/2018,,,,
911,Sutphin Boulevard and Archer Avenue,Queens,3/13/2017,40.700583,-73.807742,,
912,Thomson Avenue and 31st Place (mid-block),Queens,5/27/2020,,,,
913,Union Street at 26th Avenue,Queens,7/21/2020,40.77452,-73.826252,,
914,Union Turnpike and Francis Lewis Boulevard,Queens,3/7/2017,40.731779,-73.770109,,
915,Union Turnpike and Springfield Boulevard,Queens,10/27/2016,40.735778,-73.746539,,
916,Union Turnpike and Utopia Parkway,Queens,10/16/2019,40.72579,-73.791744,,
917,Utopia Parkway and 75th Avenue,Queens,5/3/2022,40.72843,-73.79284,,
918,Utopia Parkway and 76th Avenue,Queens,4/14/2021,40.727142,-73.792299,,
919,Vernon Boulevard and 40th Avenue,Queens,11/30/2016,40.75781,-73.945831,,
920,Whitney Avenue and Denman Street,Queens,8/26/2020,40.746669,-73.874895,,
921,Woodhaven Boulevard (NB) and Long Island Epressway entrance ramp,Queens,3/14/2012,,,,
922,Woodhaven Boulevard and 64th Road,Queens,9/25/2019,40.721488,-73.866572,,
923,Woodhaven Boulevard and 66th Avenue,Queens,7/3/2019,40.718278,-73.86357,,
924,Woodhaven Boulevard and 86th Drive (East Leg),Queens,10/23/2018,,,,
925,Woodhaven Boulevard and 86th Drive (West Leg),Queens,10/23/2018,,,,
926,Woodhaven Boulevard and Forest Park Drive,Queens,3/30/2017,40.700594,-73.854565,,
927,Woodhaven Boulevard and Metropolitan Avenue,Queens,9/25/2019,40.711845,-73.85976,,
928,Woodhaven Boulevard at Park Lane South,Queens,1/14/2020,40.697561,-73.852747,,
929,Woodhaven Boulevard East Service Road and 180’ South of Jamaica Avenue,Queens,10/23/2018,,,,
930,Woodhaven Boulevard West Service Road and 147’ South of Jamaica Avenue,Queens,10/23/2018,,,,
931,Woodhaven Boulevard with Penelope Avenue and 63rd Drive,Queens,3/20/2020,40.722661,-73.867659,40.72229,-73.86731
932,Yellowstone Boulevard and 63rd Avenue,Queens,11/20/2020,40.734319,-73.852904,,
933,Yellowstone Boulevard and Austin Street ,Queens,12/6/2019,,,,
934,Yellowstone Boulevard and Groton Street,Queens,7/13/2020,40.71903,-73.856148,,
935,Yellowstone Boulevard and Queens Boulevard,Queens,10/31/2018,,,,
936,Amboy Road at Poillon Avenue,Staten Island,6/8/2020,40.535535,-74.178868,,
937,Amboy Road with Ridgecrest Avenue and Putnam Street,Staten Island,5/27/2022,40.543779,-74.163458,40.543724,-74.163559
938,Arden Avenue and Forest Green,Staten Island,5/16/2022,40.556002,-74.194743,,
939,Bay Street and New Lane,Staten Island,6/21/2022,40.611805,-74.064441,,
940,Bay Street and Townsend Avenue,Staten Island,8/24/2021,40.62146,-74.071742,,
941,Bay Street with Front Street and Edgewater Street,Staten Island,6/13/2022,,,,
942,Brielle Avenue and Bradley Avenue,Staten Island,6/6/2022,,,,
943,Brielle Avenue and Gansevoort Boulevard (Wagner High School),Staten Island,5/25/2006,,,,
944,Brielle Avenue and Suffolk Avenue,Staten Island,5/18/2022,40.598331,-74.127146,,
945,Castleton Avenue and Bard Avenue,Staten Island,7/21/2007,40.634698,-74.106535,,
946,Castleton Avenue and Brighton Avenue (S.I. Center for Independent Living),Staten Island,1/19/2006,,,,
947,Castleton Avenue and Conyingham Avenue,Staten Island,2/16/2022,40.634664,-74.102528,,
948,Clarke Avenue and Kensico Street,Staten Island,5/16/2022,40.567712,-74.139765,,
949,Clove Road and Clove Lake Place,Staten Island,10/24/2016,40.62619,-74.119674,,
950,Forest Avenue and Bement Avenue,Staten Island,12/10/2019,40.629685,-74.111225,,
951,Forest Avenue and Davis Avenue,Staten Island,8/30/2019,,,,
952,Forest Avenue and Harbor Road,Staten Island,5/18/2022,40.62653,-74.160501,,
953,Forest Avenue and North Mada Avenue,Staten Island,10/18/2021,40.630466,-74.106906,,
954,Forest Avenue and Sanders Street ,Staten Island,2/6/2019,,,,
955,Foster Road and Ramona Avenue,Staten Island,5/16/2022,40.536499,-74.204993,,
956,Howard Avenue and Hillside Avenue,Staten Island,9/24/2014,40.617639,-74.09407,,
957,Hylan Boulevard and Bedford Avenue,Staten Island,10/9/2020,40.578624,-74.101668,,
958,Hylan Boulevard and Huegenot Avenue,Staten Island,3/13/2019,,,,
959,Hylan Boulevard and Page Avenue,Staten Island,3/10/2020,40.507754,-74.230063,,
960,Hylan Boulevard and West Fingerboard Road,Staten Island,5/19/2021,,,,
961,Hylan Boulevard and Yetman Avenue,Staten Island,3/10/2020,40.504832,-74.241639,,
962,Hylan Boulevard at Arbutus Avenue,Staten Island,1/5/2020,40.52609,-74.18031,,
963,Hylan Boulevard at Tysens Lane,Staten Island,10/22/2019,,,,
964,Hylan Boulevard with Ebbitts Street and Allison Avenue,Staten Island,6/4/2021,,,,
965,Hylan Boulevard with Wendy Drive and St. Joseph’s High School ,Staten Island,5/31/2019,,,,
966,Innis Street and Trantor Place,Staten Island,10/23/2019,40.633792,-74.142775,,
967,New Dorp Lane (mid-block) between Hylan Boulevard and Mill Road,Staten Island,10/19/2018,,,,
968,North Railroad Avenue and Fremont Avenue ,Staten Island,12/11/2019,40.579113,-74.109812,,
969,Post Avenue and Decker Avenue,Staten Island,6/4/2022,40.632121,-74.132831,,
970,Richmond Avenue and Monsey Place,Staten Island,10/7/2020,40.624191,-74.14899,,
971,Richmond Avenue and Wilson Avenue ,Staten Island,5/18/2022,40.545398,-74.165743,,
972,Richmond Road with Todt Hill Road and Greeley Avenue,Staten Island,5/3/2022,40.580314,-74.113673,40.580012,-74.113975
973,Richmond Terrace and Alaska Street,Staten Island,9/21/2021,40.639176,-74.121823,,
974,Richmond Terrace and Sharpe Avenue,Staten Island,5/18/2015,40.640225,-74.136667,,
975,Richmond Terrace and St Peters Place,Staten Island,6/29/2022,40.648229,-74.084498,,
976,Rockland Avenue and Brielle Avenue,Staten Island,5/27/2022,40.589065,-74.138621,,
977,South Avenue and Lois Lane,Staten Island,6/23/2022,40.612183,-74.175648,,
978,South Railroad Avenue and Fremont Avenue ,Staten Island,12/11/2019,40.57891,-74.10943,,
979,Targee Street and Naples Street (235’ North of Venice Street),Staten Island,5/7/2015,,,,
980,Tompkins Avenue and Clifton Avenue,Staten Island,3/2/2022,40.612726,-74.071412,,
981,Tompkins Avenue and Hill Street,Staten Island,10/19/2015,40.62198,-74.078255,,
982,Vanderbilt Avenue and Targee Street,Staten Island,1/2/2019,40.615207,-74.084648,,
983,Victory Boulevard and Cebra Avenue ,Staten Island,6/10/2022,40.633956,-74.085749,,
984,Victory Boulevard and Clove Road ,Staten Island,5/1/2018,40.616415,-74.103509,,
985,Victory Boulevard and Eddy Street,Staten Island,9/4/2014,40.626559,-74.091593,,
986,Victory Boulevard and Royal Oak Road,Staten Island,2/24/2022,40.613743,-74.114144,,
987,Woodrow Road with Billings Street and Tynan Street,Staten Island,5/5/2020,,,,
988,3rd Avenue and East 138th Street,the Bronx,10/18/2019,,,,
989,3rd Avenue and East 168th Street ,the Bronx,10/5/2020,40.831058,-73.905842,,
990,3rd Avenue and East 178th Street,the Bronx,7/19/2019,40.847855,-73.895578,,
991,3rd Avenue between East 169th Street and East 170th Street (mid-block) ,the Bronx,12/11/2018,,,,
992,Alexander Avenue and East 137th Street,the Bronx,11/12/2019,40.809381,-73.925639,,
993,Alexander Avenue between East 135th Street and East 137th Street (mid-block),the Bronx,3/25/2020,,,,
994,Arthur Avenue and East 176th Street,the Bronx,3/14/2020,40.844705,-73.893985,,
995,Astor Avenue and Colden Avenue,the Bronx,10/7/2015,40.859674,-73.859799,,
996,Bailey Avenue and West 234th Street and Bailey Place,the Bronx,10/14/2015,,,,
997,Bartow Avenue and Baychester Avenue,the Bronx,11/22/2019,40.868771,-73.831733,,
998,Bartow Avenue and Co-Op City Boulevard and Bay Plaza Boulevard,the Bronx,10/8/2015,,,,
999,Baychester Avenue and 200’ South of Donizetti Place (mid-block),the Bronx,12/26/2018,,,,
1000,Baychester Avenue and Donizetti Place,the Bronx,6/3/2022,40.876023,-73.833859,,
1001,Baychester Avenue with Tillotson Avenue and Rombouts Avenue,the Bronx,9/9/2021,,,,
1002,Boston Road and Bivona Street ,the Bronx,7/3/2019,40.884185,-73.833618,,
1003,Boston Road and Boller Avenue (South Leg),the Bronx,4/14/2021,,,,
1004,Boston Road and East 212th Street/Pearsall Avenue,the Bronx,10/30/2015,,,,
1005,Boston Road and Edson Avenue,the Bronx,3/30/2021,40.880928,-73.839651,,
1006,Boston Road and Secor Avenue,the Bronx,11/15/2019,40.884548,-73.832337,,
1007,Boston Road and Waring Avenue,the Bronx,3/25/2021,40.861338,-73.866798,,
1008,Boston Road with Dyre Avenue and Steenwick Avenue,the Bronx,3/19/2021,,,,
1009,Broadway and Mosholu Avenue,the Bronx,2/18/2022,40.904504,-73.896411,,
1010,Broadway and Van Cortlandt Park  (580' South of 251st Street),the Bronx,1/1/2017,,,,
1011,Broadway and West 232nd Street,the Bronx,4/7/2022,40.880134,-73.903939,,
1012,Broadway with West 240th Street and Van Cortlandt Park South,the Bronx,2/4/2022,40.886529,-73.899781,40.88753,-73.899226
1013,Bronx and Pelham Parkway South Eastbound at Seymour Avenue,the Bronx,1/9/2020,,,,
1014,Bronxwood Avenue and 221st Street,the Bronx,10/11/2017,40.883154,-73.856277,,
1015,Bronxwood Avenue and East 213th Street,the Bronx,9/15/2017,40.877728,-73.859276,,
1016,Bronxwood Avenue and East 219th Street,the Bronx,2/3/2010,40.881746,-73.857058,,
1017,Bronxwood Avenue and East 220th Street,the Bronx,2/3/2010,40.882449,-73.856666,,
1018,Bronxwood Avenue and East 230th Street ,the Bronx,3/10/2022,40.889506,-73.852766,,
1019,Brook Avenue and East 163rd Street,the Bronx,9/23/2021,40.824848,-73.91131,,
1020,Bruckner Boulevard North Westbound and Boynton Avenue,the Bronx,3/18/2022,,,,
1021,Burke Avenue and Yates Avenue,the Bronx,1/18/2017,,,,
1022,City Island Avenue and Bowne Street,the Bronx,2/26/2020,40.850842,-73.788244,,
1023,Co-Op City Boulevard and 550’ North of Bellamy Loop North (mid-block) ,the Bronx,12/4/2019,,,,
1024,Co-Op City Boulevard and Carver Loop East,the Bronx,10/9/2015,,,,
1025,Co-Op City Boulevard and Rombouts Avenue and Carver Loop West,the Bronx,10/13/2015,,,,
1026,Crosby Avenue and Coddington Avenue,the Bronx,3/12/2020,40.84061,-73.829676,,
1027,Cross Bronx Expressway Southbound Service Road and Entrance to Bronx River Parkway Northbound,the Bronx,6/11/2022,,,,
1028,Crotona Avenue between East 181st and East 182nd Streets,the Bronx,9/21/2017,,,,
1029,East 156th Street and Union Avenue,the Bronx,1/14/2022,40.817577,-73.903577,,
1030,East 161st Street and Grant Avenue (mid-block),the Bronx,4/2/2019,,,,
1031,East 161st Street and Pedestrian Crossing (400’ West of River Avenue) (mid-block),the Bronx,3/8/2019,,,,
1032,East 163rd Street and Eagle Avenue,the Bronx,3/29/2022,40.823816,-73.907741,,
1033,East 163rd Street and Rogers Place,the Bronx,3/2/2014,40.821006,-73.897864,,
1034,East 163rd Street between Trinity Avenue and Tinton Avenue (mid-block) ,the Bronx,12/11/2018,,,,
1035,East 167th Street and Kelly Street,the Bronx,5/18/2021,40.825996,-73.895822,,
1036,East 170th Street and 150’ West of Grand Concourse ,the Bronx,4/29/2019,,,,
1037,East 174th Street and Morrison Avenue,the Bronx,8/30/2021,40.834007,-73.87567,,
1038,East 174th Street and Stratford Avenue,the Bronx,4/18/2020,,,,
1039,East 175th Street and Townsend Avenue,the Bronx,9/17/2019,40.847319,-73.911472,,
1040,East 183rd Street at Creston Avenue,the Bronx,1/8/2020,40.85776,-73.900938,,
1041,East 189th Street and Park Avenue,the Bronx,6/18/2022,40.860178,-73.891745,,
1042,East 233rd Street and Carpenter Avenue,the Bronx,3/28/2017,40.894316,-73.860261,,
1043,East Fordham Road and 3rd Avenue,the Bronx,6/18/2022,40.86111,-73.890275,,
1044,East Fordham Road and Bathgate Avenue,the Bronx,1/29/2019,,,,
1045,East Gun Hill Road and Arnow Avenue,the Bronx,11/22/2021,40.86786,-73.841223,,
1046,East Gun Hill Road and Fish Avenue,the Bronx,6/15/2022,,,,
1047,East Gun Hill Road and Gunther Avenue,the Bronx,7/20/2018,,,,
1048,East Gun Hill Road and Kings College Place,the Bronx,6/25/2019,40.879866,-73.875957,,
1049,East Gun Hill Road and Putnam Place,the Bronx,10/29/2021,40.87958,-73.875364,,
1050,East Gun Hill Road with Holland Avenue and Tilden Street,the Bronx,1/9/2020,,,,
1051,East Gun Hill Road with Perry Ave and Reservoir Place,the Bronx,4/18/2019,,,,
1052,East Gun Hill Road with Seymour Avenue and Sexton Place,the Bronx,5/7/2022,40.870554,-73.846409,40.870391,-73.846091
1053,East Tremont Avenue and Coddington Avenue,the Bronx,6/18/2022,40.838106,-73.835009,,
1054,East Tremont Avenue and Creston Avenue,the Bronx,9/3/2019,40.850382,-73.906985,,
1055,East Tremont Avenue and Dudley Avenue,the Bronx,5/14/2022,40.83917,-73.836282,,
1056,East Tremont Avenue and Jerome Avenue,the Bronx,1/3/2019,40.851802,-73.909217,,
1057,East Tremont Avenue and Lehman High School (mid-block) ,the Bronx,12/7/2018,,,,
1058,East Tremont Avenue at Purdy Street,the Bronx,7/29/2020,40.842259,-73.855198,,
1059,East Tremont Avenue with Hutchinson River Parkway and Ericson Place,the Bronx,1/18/2017,40.840678,-73.838389,40.840023,-73.837299
1060,Eastchester Road and Jarrett Place,the Bronx,10/14/2020,40.84498,-73.845542,,
1061,Eastchester Road and Waters Place,the Bronx,6/29/2022,,,,
1062,Edward L Grant Highway and Shakespeare Avenue,the Bronx,9/9/2021,40.841044,-73.921946,,
1063,Edward L Grant Highway and West 170th Avenue,the Bronx,2/5/2021,,,,
1064,Edward L Grant Hwy and West 169 Street,the Bronx,8/18/2016,,,,
1065,Ft. Independence Street and Heath Avenue,the Bronx,3/18/2022,,,,
1066,Goulden Avenue and Lehman College High School,the Bronx,6/26/2013,,,,
1067,Grand Concourse and East 193rd Street,the Bronx,5/16/2022,40.865355,-73.894932,,
1068,Grand Concourse and Fordham Road,the Bronx,7/19/2012,40.862445,-73.897142,,
1069,Independence Avenue and West 235th Street,the Bronx,3/2/2022,40.886376,-73.91398,,
1070,Independence Avenue and West 239th Street,the Bronx,5/5/2022,40.889748,-73.912902,,
1071,Jerome Avenue and Buchanan Place ,the Bronx,8/9/2019,40.857708,-73.904293,,
1072,Jerome Avenue and East 169th Street,the Bronx,11/21/2019,40.837875,-73.919699,,
1073,Jerome Avenue and East 183rd Street ,the Bronx,9/1/2019,40.858709,-73.903691,,
1074,Jerome Avenue and Goble Place,the Bronx,4/24/2021,40.843367,-73.915445,,
1075,Jerome Avenue and Shakespeare Avenue,the Bronx,6/26/2022,,,,
1076,Jerome Avenue and West 177th Street ,the Bronx,12/1/2019,40.85002,-73.910694,,
1077,Jerome Avenue and West 195th Street,the Bronx,4/16/2019,40.868565,-73.896561,,
1078,Jerome Avenue between East 208th Street and East Gun Hill Road (mid-block),the Bronx,2/21/2019,,,,
1079,Jerome Avenue with Mosholu East and West Parkway,the Bronx,6/22/2021,,,,
1080,Kappock Street and Netherland Avenue,the Bronx,5/2/2007,,,,
1081,Laconia Avenue and East 215 Street,the Bronx,8/21/2019,40.877463,-73.853737,,
1082,Lafayette Avenue and Thieriot Avenue,the Bronx,11/17/2021,40.821509,-73.862029,,
1083,Lafayette Avenue and Underhill Avenue,the Bronx,4/23/2021,40.821757,-73.8602,,
1084,Longwood Avenue and Hewitt Place,the Bronx,12/6/2021,40.818595,-73.900024,,
1085,Mace Avenue and Colden Avenue,the Bronx,6/13/2014,40.863072,-73.85969,,
1086,Manhattan College Parkway and Waldo Avenue,the Bronx,11/22/2019,,,,
1087,Morris Avenue and East 171st Street,the Bronx,2/8/2022,40.838997,-73.910724,,
1088,Morris Avenue and Teller Avenue,the Bronx,8/21/2020,40.841255,-73.909394,,
1089,Morris Park Avenue and Albert Einstein College of Medicine (mid-block),the Bronx,11/1/2011,,,,
1090,Morris Park Avenue and East 180th Street,the Bronx,8/14/2020,40.840869,-73.872806,,
1091,Morris Park Avenue and Garfield Street,the Bronx,6/4/2022,40.843981,-73.869594,,
1092,Morris Park Avenue and Yates Avenue,the Bronx,6/14/2021,,,,
1093,Mosholu Avenue and Fieldston Road,the Bronx,10/28/2021,40.905468,-73.900719,,
1094,Mosholu Avenue and West 256th Street ,the Bronx,11/29/2021,40.903867,-73.903112,,
1095,Park Avenue and East 158th Street ,the Bronx,12/12/2019,40.823385,-73.918339,,
1096,Pelham Parkway (WB) between Pearsall Avenue and Throop Avenue (mid-block),the Bronx,5/6/2022,,,,
1097,Pelham Parkway and Narragansett Avenue,the Bronx,2/27/2019,40.857326,-73.851627,,
1098,Pelham Parkway N/S Service Roads and Williams Bridge Road,the Bronx,10/8/2015,,,,
1099,Pelham Parkway North and Bronxwood Avenue,the Bronx,3/31/2022,40.857983,-73.861791,,
1100,Pelham Parkway North and Laconia Avenue,the Bronx,8/1/2014,40.858163,-73.855995,,
1101,Pelham Parkway South and Muliner Avenue,the Bronx,3/31/2022,40.856784,-73.86192,,
1102,Pelham Parkway South Service Road at Seymour Avenue,the Bronx,1/9/2020,,,,
1103,Pugsley Avenue and Seward Avenue,the Bronx,5/24/2021,40.8203,-73.854636,,
1104,Randall Avenue and Manida Street,the Bronx,6/3/2021,40.811936,-73.887727,,
1105,Reservoir Avenue and University Avenue,the Bronx,6/4/2022,40.87366,-73.898372,,
1106,River Avenue and East 162nd Street,the Bronx,3/8/2017,40.829524,-73.924973,,
1107,Riverdale Avenue and West 256th Street,the Bronx,2/16/2022,40.90414,-73.905007,,
1108,Riverdale Avenue and West 259th Street,the Bronx,12/9/2021,40.906862,-73.904099,,
1109,Riverdale Avenue with West 231st Street and Irwin Avenue,the Bronx,3/12/2019,40.881292,-73.909426,40.881363,-73.909383
1110,Sedgewick Avenue with Dickenson Avenue and Goulden Avenue,the Bronx,1/4/2019,,,,
1111,Sedgwick Avenue and Undercliff Avenue,the Bronx,6/24/2022,,,,
1112,Sedgwick Avenue and West 229th Street (mid-block),the Bronx,3/8/2019,,,,
1113,Sedgwick Avenue and West 230th Street (mid-block),the Bronx,3/8/2019,,,,
1114,Soundview Avenue at Thieriot Avenue (mid-block),the Bronx,6/24/2019,,,,
1115,Southern Boulevard and East 189th Street (mid-block),the Bronx,3/11/2019,,,,
1116,Southern Boulevard and Intervale Avenue,the Bronx,4/26/2019,40.817196,-73.895315,,
1117,Southern Boulevard and Leggett Avenue,the Bronx,11/19/2020,40.813489,-73.899342,,
1118,Southern Boulevard and Longwood Avenue,the Bronx,6/2/2022,40.816319,-73.896213,,
1119,Southern Boulevard with Crotona Parkway and East 176th Street,the Bronx,10/25/2019,,,,
1120,Starling Avenue and Odell Street,the Bronx,6/22/2022,40.836151,-73.854193,,
1121,Starling Avenue and Olmstead Avenue,the Bronx,6/1/2022,40.83605,-73.855125,,
1122,Stillwell Avenue and Pelham Parkway South (Service Road),the Bronx,10/25/2019,,,,
1123,Story Avenue and Bruckner Plaza Mall Exit/Entrance (between Boynton & Morrison Avenues),the Bronx,5/17/2017,,,,
1124,Story Avenue at Thieriot Avenue,the Bronx,9/2/2020,40.823703,-73.862548,,
1125,Third Avenue and East 176th Street,the Bronx,10/28/2020,40.845361,-73.896836,,
1126,Third Avenue and St Pauls Place ,the Bronx,11/29/2021,40.835927,-73.902904,,
1127,Unionport Road and Crosswalk East of Metropolitan Oval (mid-block),the Bronx,9/10/2019,,,,
1128,University Avenue (Martin Luther King Junior Boulevard) and Morton Place,the Bronx,3/28/2022,,,,
1129,University Avenue and Macombs Road,the Bronx,3/13/2021,,,,
1130,University Avenue and West 175th Street,the Bronx,5/17/2021,,,,
1131,University Avenue and West 176th Street,the Bronx,4/30/2021,40.849154,-73.917332,,
1132,University Avenue and West 181st Street (mid-block),the Bronx,2/28/2019,,,,
1133,University Avenue with Featherbed Lane and West 174th Street (mid-block),the Bronx,4/19/2019,,,,
1134,Valentine Avenue and East 178th Street,the Bronx,10/28/2016,40.84941,-73.900885,,
1135,Valentine Avenue between East Tremont and East 178th Street,the Bronx,9/5/2013,,,,
1136,Van Cortlandt Park East between East 239th Street and Oneida Avenue (mid-block),the Bronx,3/11/2019,,,,
1137,Waring Avenue and Barker Avenue,the Bronx,8/26/2019,40.861382,-73.869437,,
1138,Watson Avenue and Colgate Avenue,the Bronx,9/20/2019,,,,
1139,Webster Avenue 300' North of East 168th Street (mid-block),the Bronx,2/28/2019,,,,
1140,Webster Avenue and East 189th Street,the Bronx,3/28/2022,40.860522,-73.892565,,
1141,Webster Avenue between East 169th and East 170th Street (mid-block),the Bronx,4/5/2019,,,,
1142,Webster Avenue between East 170th Street and East 171st Street (mid-block),the Bronx,2/27/2019,,,,
1143,Webster Avenue between East Gun Hill Road and East 233rd Street (mid-block),the Bronx,2/19/2019,,,,
1144,Webster Avenue between East Tremont and East 178th Street,the Bronx,9/5/2013,,,,
1145,West 169th Street with Cromwell Avenue and Inwood Avenue,the Bronx,8/12/2020,40.838,-73.921028,40.838156,-73.921194
1146,West 183rd Street and Andrews Avenue North,the Bronx,11/5/2021,40.860042,-73.908609,,
1147,West 230th Street and Corlear Avenue,the Bronx,1/26/2022,40.87898,-73.909028,,
1148,West Kingsbridge Road with Reservoir Avenue and Aqueduct Avenue West,the Bronx,12/21/2020,40.867881,-73.899426,40.868019,-73.899965
1149,Westchester Avenue and West Farm Road,the Bronx,4/5/2020,,,,
1150,"Westchester Avenue with Crosby, Buhre and Edison Avenues",the Bronx,9/22/2016,,,,
1151,White Plains Road and Birchall Avenue,the Bronx,1/21/2021,40.849904,-73.867818,,
1152,White Plains Road and East 215th Street,the Bronx,12/2/2021,40.880553,-73.864521,,
1153,White Plains Road and Lydig Avenue,the Bronx,7/25/2014,40.854504,-73.867704,,
1154,White Plains Road and Rosewood Street,the Bronx,5/10/2022,40.873214,-73.867096,,
1155,White Plains Road and Unionport Road,the Bronx,12/30/2020,,,,
1156,White Plains Road with Bronxdale Avenue and Unionport Road,the Bronx,12/24/2020,40.85081,-73.867809,40.85159,-73.867801
1157,Williamsbridge Road and Astor Avenue      ,the Bronx,4/11/2018,40.859712,-73.857355,,
1158,Williamsbridge Road and Pierce Avenue,the Bronx,5/24/2022,40.847063,-73.849072,,
1159,Williamsbridge Road and Sacket Avenue,the Bronx,5/27/2022,,,,
1160,Williamsbridge Road and Van Nest Avenue,the Bronx,6/8/2022,40.848994,-73.850344,,
1161,Williamsbridge Road between Mace Avenue and Waring Avenue,the Bronx,6/29/2022,40.861165,-73.857569,40.863043,-73.85806
