,Location,Borough,Date Installed,lat,lng
0,10th Avenue and 73rd Street,Brooklyn,7/28/2020,40.625446,-74.012834
1,11th Avenue and 71st Street,Brooklyn,2/4/2021,40.625241,-74.009459
2,11th Avenue and Ovington Avenue,Brooklyn,1/23/2021,40.626801,-74.007831
3,14th Avenue and 36th Street (New York Industries for the Blind),Brooklyn,8/18/2013,40.63034,-73.99341
4,17th Avenue and 72nd Street ,Brooklyn,4/12/2020,40.61656,-73.996583
5,17th Avenue and 78th Street,Brooklyn,4/5/2021,40.613119,-74.000181
6,17th Avenue at 73rd Street ,Brooklyn,3/31/2020,40.616001,-73.997168
7,18th Avenue and 54th Street ,Brooklyn,4/7/2020,40.625471,-73.983825
8,18th Avenue and 65th Street,Brooklyn,6/2/2022,40.619137,-73.990178
9,18th Avenue and East 8th Street,Brooklyn,1/13/2021,40.634182,-73.969897
10,20th Avenue and 64th Street,Brooklyn,9/17/2021,40.617119,-73.985238
11,3rd Avenue and 16th Street,Brooklyn,5/25/2021,40.667257,-73.994524
12,3rd Avenue and 33rd Street,Brooklyn,10/23/2015,40.657107,-74.004536
13,3rd Avenue and 59th Street,Brooklyn,10/10/2020,40.642748,-74.020029
14,3rd Avenue at 9th Street,Brooklyn,1/14/2020,40.671457,-73.99102
15,4th Avenue and 240' South of 3rd Street (mid-block),Brooklyn,4/11/2019,42.107877,-84.247917
16,4th Avenue and 36th Street,Brooklyn,3/29/2016,40.654354,-74.004467
17,4th Avenue and 39th Street,Brooklyn,10/15/2015,40.652671,-74.006232
18,4th Avenue and 44th Street,Brooklyn,10/21/2015,40.649796,-74.009025
19,4th Avenue and 45th Street,Brooklyn,10/26/2015,40.649316,-74.009725
20,4th Avenue and 54th Street,Brooklyn,10/21/2015,40.644268,-74.014961
21,4th Avenue and 55th Street,Brooklyn,10/22/2015,40.643631,-74.015419
22,4th Avenue and 59th Street,Brooklyn,1/6/2016,40.641395,-74.017748
23,4th Avenue and 60th Street,Brooklyn,4/17/2017,40.640804,-74.018352
24,4th Avenue and 9th Street,Brooklyn,10/26/2015,40.670311,-73.988664
25,4th Avenue and Union Street,Brooklyn,10/18/2016,40.677441,-73.983104
26,5th Avenue and 24th Street,Brooklyn,11/24/2021,40.659668,-73.995166
27,5th Avenue and 3rd Street,Brooklyn,6/24/2022,40.672793,-73.98328
28,5th Avenue and 89th Street,Brooklyn,12/12/2012,40.619749,-74.02772
29,65th Street and Dahill Road,Brooklyn,1/6/2021,40.609464,-73.974165
30,7th Avenue and 81st Street,Brooklyn,3/9/2020,40.623051,-74.021132
31,7th Avenue and Sterling Place,Brooklyn,5/27/2022,40.677084,-73.973674
32,86th Street and 19th Avenue,Brooklyn,9/20/2019,40.605933,-74.000456
33,86th Street and Avenue W,Brooklyn,5/11/2022,40.591933,-73.97729
34,86th Street and Battery Avenue,Brooklyn,9/10/2019,40.618953,-74.022002
35,86th Street and Bay 22nd Street,Brooklyn,10/27/2015,40.60548,-73.99971
36,86th Street and Bay 34th Street,Brooklyn,5/12/2022,40.60014,-73.99086
37,86th Street and Fort Hamilton Parkway,Brooklyn,4/16/2019,40.620431,-74.024454
38,86th Street and Van Sicklen Street,Brooklyn,6/4/2021,40.591089,-73.975887
39,86th Street and West 6th Street,Brooklyn,7/16/2021,40.591542,-73.976636
40,86th Street between 4th Avenue and 5th Avenue,Brooklyn,2/22/2016,40.692529,-73.990996
41,86th Street between West 8th Street and West 9th Street (mid-block) ,Brooklyn,12/12/2018,39.542952,-86.369241
42,"86th Street with McDonald Avenue, Avenue X and Shell Road",Brooklyn,8/4/2021,40.692529,-73.990996
43,87th Street between 4th Avenue and 5th Avenue (mid-block),Brooklyn,3/15/2019,41.788252,-71.949628
44,8th Avenue and 67th Street,Brooklyn,5/14/2021,40.631487,-74.013739
45,8th Avenue and Windsor Place,Brooklyn,4/29/2022,40.660936,-73.983244
46,9th Avenue and 42nd Street,Brooklyn,11/4/2021,40.644259,-73.996842
47,Adams Street between Fulton Street and Johnson Street (mid-block),Brooklyn,2/21/2012,40.695039,-73.989482
48,Adams Street/Boerum Place and Fulton Street,Brooklyn,4/25/2012,42.107877,-84.247917
49,Adams Street/Boerum Place and Livingston Street,Brooklyn,5/9/2012,40.706587,-73.935783
50,Atlantic Avenue and 134th Street,Brooklyn,11/3/2020,39.542952,-86.369241
51,Atlantic Avenue and 3rd Avenue,Brooklyn,9/10/2018,40.685316,-73.980683
52,Atlantic Avenue and Boerum Place,Brooklyn,4/25/2012,40.689104,-73.990585
53,Atlantic Avenue and Bond Street,Brooklyn,11/26/2013,40.686928,-73.984821
54,Atlantic Avenue and Brooklyn Avenue,Brooklyn,8/8/2018,40.678154,-73.94415
55,Atlantic Avenue and Classon Avenue,Brooklyn,8/3/2019,40.679894,-73.958273
56,Atlantic Avenue and Clermont Avenue,Brooklyn,9/18/2018,40.682074,-73.968683
57,Atlantic Avenue and Franklin Avenue,Brooklyn,12/11/2020,40.679268,-73.95531
58,Atlantic Avenue and Hoyt Street,Brooklyn,5/23/2013,40.687773,-73.986999
59,Atlantic Avenue and Kingston Avenue,Brooklyn,7/8/2019,40.678094,-73.941372
60,Atlantic Avenue and Nevins Street,Brooklyn,9/19/2012,40.686084,-73.982654
61,Atlantic Avenue and Nostrand Avenue,Brooklyn,8/29/2019,40.678548,-73.949685
62,Atlantic Avenue and Sheridan Avenue/Nichols Avenue,Brooklyn,4/14/2021,39.542952,-86.369241
63,Atlantic Avenue and Smith Street,Brooklyn,8/15/2013,40.688611,-73.98917
64,Atlantic Avenue and Van Siclen Avenue,Brooklyn,9/8/2021,40.67649,-73.89129
65,Atlantic Avenue and Waverly Avenue,Brooklyn,8/25/2020,40.681406,-73.965501
66,Atlantic Avenue with East New York Avenue and Williams Place,Brooklyn,11/26/2019,40.692529,-73.990996
67,Avenue C and East 7th Street,Brooklyn,10/26/2020,40.641063,-73.972254
68,Avenue I and East 13th Street,Brooklyn,12/13/2019,40.627363,-73.963692
69,Avenue I and East 21st Street,Brooklyn,7/18/2020,40.628233,-73.955821
70,Avenue I and East 52nd Street ,Brooklyn,12/30/2019,40.630628,-73.926175
71,Avenue J and East 27th Street,Brooklyn,8/16/2017,40.626464,-73.949726
72,Avenue J and East 2nd Street,Brooklyn,5/19/2021,40.62372,-73.974627
73,Avenue J and East 31st Street,Brooklyn,10/20/2020,40.626889,-73.945881
74,Avenue K and East 22nd Street,Brooklyn,2/2/2022,40.623558,-73.953986
75,Avenue K and East 27th Street ,Brooklyn,4/6/2022,40.624073,-73.949287
76,Avenue K and East 29th Street,Brooklyn,6/22/2018,40.624275,-73.947434
77,Avenue K and East 34th Street,Brooklyn,1/28/2022,40.6248,-73.94265
78,Avenue K and East 7th Street,Brooklyn,8/27/2021,40.621945,-73.968645
79,Avenue K and East 95th Street,Brooklyn,7/2/2021,40.63929,-73.898685
80,Avenue K and New York Avenue,Brooklyn,4/15/2021,40.624702,-73.943585
81,Avenue K at East 23rd Street,Brooklyn,6/30/2020,40.623658,-73.953058
82,Avenue K at East 32nd Street,Brooklyn,10/25/2019,40.624601,-73.944495
83,Avenue M and East 24th Street,Brooklyn,5/12/2022,40.618975,-73.951219
84,Avenue M and East 26th Street ,Brooklyn,4/22/2021,40.619186,-73.949296
85,Avenue M and East 28th Street,Brooklyn,4/28/2021,40.619392,-73.947441
86,Avenue O at East 2nd Street,Brooklyn,9/26/2020,40.611489,-73.972391
87,Avenue R and East 15th Street,Brooklyn,3/6/2020,40.605799,-73.957724
88,Avenue S at West 7th Street,Brooklyn,1/9/2020,40.601039,-73.979359
89,Avenue T and East 24th Street,Brooklyn,2/4/2020,40.602059,-73.948018
90,Avenue T and East 26th Street ,Brooklyn,1/22/2021,40.602269,-73.946096
91,Avenue U and Ocean Avenue,Brooklyn,6/29/2016,40.599379,-73.951415
92,Avenue U at East 2nd Street,Brooklyn,6/9/2020,40.597378,-73.969625
93,Avenue V and East 8th Street,Brooklyn,5/28/2020,40.59599,-73.962619
94,Avenue V at Coyle Street,Brooklyn,6/9/2020,40.598827,-73.936739
95,Avenue V with Gravesend Neck Road and East 23rd Street,Brooklyn,6/13/2020,42.107877,-84.247917
96,Avenue X and Brown Street,Brooklyn,6/5/2018,40.594027,-73.938705
97,Avenue X and East 22nd Street,Brooklyn,2/24/2020,40.592968,-73.948192
98,Avenue Y and East 26th Street,Brooklyn,8/17/2017,40.591265,-73.944007
99,Avenue Y and East 29th Street,Brooklyn,6/15/2018,40.591571,-73.941232
100,Avenue Z and East 6th Street,Brooklyn,12/12/2016,40.586917,-73.963874
101,Bay Parkway with Avenue J and East 4th Street,Brooklyn,1/2/2020,41.788252,-71.949628
102,Bedford Avenue and Lafayette Avenue,Brooklyn,12/2/2016,40.689444,-73.955124
103,Bedford Avenue between Avenue I and Campus Road (mid-block),Brooklyn,1/5/2012,41.432768,-81.74419
104,Benson Avenue and Bay 26th Street,Brooklyn,11/7/2020,40.602016,-73.998577
105,Benson Avenue at Bay 25th Street,Brooklyn,1/6/2020,40.602456,-73.999284
106,Beverley Road and East 54th Street,Brooklyn,2/17/2022,40.646556,-73.925925
107,Blake Avenue with Howard Avenue and Tapscott Street,Brooklyn,1/12/2022,41.432768,-81.74419
108,Boerum Place and Schermerhorn Street,Brooklyn,8/28/2012,40.690392,-73.989803
109,Boerum Place and State Street,Brooklyn,11/26/2013,40.689759,-73.990248
110,Brighton Beach Avenue and Brighton 2nd Street,Brooklyn,3/16/2022,40.57675,-73.965073
111,Brighton Beach Avenue and Brighton 4th Street,Brooklyn,2/28/2022,40.577149,-73.963266
112,Brighton Beach Avenue and Coney Island Avenue,Brooklyn,3/1/2018,40.577937,-73.959634
113,Broadway and Bartlett Street,Brooklyn,1/12/2021,40.702311,-73.944647
114,Broadway and Hewes Street,Brooklyn,3/21/2021,40.706558,-73.952515
115,Broadway and Melrose Street,Brooklyn,10/7/2021,40.697399,-73.936011
116,Broadway and Park Street,Brooklyn,4/27/2022,40.69903,-73.938912
117,Buffalo Avenue and Saint Marks Avenue,Brooklyn,1/19/2021,40.673859,-73.925089
118,Bushwick Avenue and Johnson Avenue,Brooklyn,3/11/2021,40.706921,-73.939715
119,Bushwick Avenue and Moore Street,Brooklyn,4/23/2021,40.704156,-73.93871
120,Cadman Plaza West and Montague Street,Brooklyn,4/11/2013,40.693767,-73.990484
121,Caton Avenue and East 8th Street,Brooklyn,9/11/2018,40.647992,-73.972326
122,Caton Avenue with East 17th Street and Parade Place,Brooklyn,1/24/2020,42.107877,-84.247917
123,Central Avenue and Jefferson Avenue,Brooklyn,2/25/2021,40.691309,-73.913249
124,Central Avenue and Madison Street,Brooklyn,2/26/2021,40.692594,-73.915505
125,Central Avenue and Stanhope Street,Brooklyn,2/12/2021,40.697278,-73.92379
126,Central Avenue at Harman Street,Brooklyn,9/15/2020,40.696434,-73.922278
127,Church Avenue and Dahill Avenue (New York Industries for the Blind),Brooklyn,8/16/2013,40.64437,-73.97569
128,Church Avenue and East 21st Street,Brooklyn,1/6/2022,40.650214,-73.959978
129,Church Avenue and East 37th Street,Brooklyn,2/10/2020,40.651115,-73.942823
130,Church Avenue and McDonald Avenue (New York Industries for the Blind),Brooklyn,7/15/2013,40.64437,-73.97569
131,Church Avenue and Ocean Avenue,Brooklyn,11/24/2020,40.650072,-73.961037
132,Church Avenue with Buckingham Road and East 16th Street,Brooklyn,1/10/2022,39.542952,-86.369241
133,Church Avenue with East 32nd Street and Raleigh Place,Brooklyn,4/23/2020,41.788252,-71.949628
134,Church Avenue with Fairview Place and East 31st Street,Brooklyn,12/7/2020,41.788252,-71.949628
135,Clarkson Avenue and Kings County Hospital Entrance (200' West of East 37th Street),Brooklyn,2/4/2022,40.65218,-73.94324
136,Columbia Street and Mill Street,Brooklyn,11/10/2020,40.68439,-74.00301
137,Coney Island Avenue and Avenue N,Brooklyn,12/5/2019,40.6152,-73.963416
138,Coney Island Avenue and Avenue Y,Brooklyn,5/4/2022,40.589455,-73.960454
139,Coney Island Avenue and Foster Avenue,Brooklyn,2/10/2022,40.632309,-73.966773
140,Coney Island Avenue and Kings Highway,Brooklyn,5/8/2020,40.607318,-73.961934
141,Coney Island Avenue and Neptune Avenue,Brooklyn,1/26/2022,40.58196,-73.959938
142,Coney Island Avenue at Avenue O,Brooklyn,7/18/2020,40.612547,-73.962805
143,Coney Island Avenue between Avenue H and Glenwood Road (mid-block),Brooklyn,3/28/2020,39.542952,-86.369241
144,Cortelyou Road at Stratford Road,Brooklyn,6/23/2020,40.639655,-73.967909
145,Court Street and Atlantic Avenue,Brooklyn,8/26/2013,40.689685,-73.992358
146,Court Street and Livingston Street,Brooklyn,6/16/2012,40.691596,-73.991448
147,Court Street and Schermerhorn Street,Brooklyn,8/27/2012,40.690992,-73.991741
148,Court Street and State Street,Brooklyn,3/30/2014,40.690345,-73.992052
149,Court Street with Remsen and Joralemon Street,Brooklyn,5/25/2013,40.692979,-73.994014
150,Cropsey Avenue and Bay 32nd Street,Brooklyn,1/4/2016,40.596169,-73.997395
151,Cropsey Avenue and Bay 35th / 24th Avenue,Brooklyn,10/28/2015,40.594609,-73.99541
152,Cropsey Avenue and Bay 49th Street,Brooklyn,10/28/2015,40.585927,-73.988059
153,Dahill Road and 12th Avenue,Brooklyn,5/21/2021,40.645751,-73.981056
154,Dekalb Avenue and Ashland Place,Brooklyn,5/3/2022,40.689851,-73.97867
155,DeKalb Avenue and Hudson Avenue,Brooklyn,5/11/2015,40.689914,-73.980428
156,Dekalb Avenue and S Portland Avenue,Brooklyn,11/21/2016,40.689706,-73.975102
157,Dekalb Avenue and Skillman Street,Brooklyn,1/28/2021,40.690799,-73.956352
158,Ditmas Avenue and East 5th Street,Brooklyn,12/12/2012,40.635981,-73.97409
159,Driggs Avenue and North 10th Street,Brooklyn,4/12/2022,40.718693,-73.954656
160,Driggs Avenue and North 11th Street,Brooklyn,4/11/2022,40.719234,-73.954078
161,Driggs Avenue and Union Avenue (mid-block),Brooklyn,9/13/2018,40.720428,-73.952772
162,East New York Avenue and Kingston Avenue,Brooklyn,2/4/2021,40.662072,-73.942775
163,East New York Avenue and Troy Avenue,Brooklyn,10/21/2020,40.662392,-73.937346
164,East New York Avenue at Dean Street and Sackman Street,Brooklyn,12/24/2015,40.67448,-73.905793
165,"East New York Avenue with East 93rd Street, Ford Street and Rochester Avenue",Brooklyn,3/15/2022,41.788252,-71.949628
166,Eastern Parkway and New York Avenue,Brooklyn,1/30/2021,40.669914,-73.947728
167,Eastern Parkway and Ralph Avenue,Brooklyn,2/1/2021,40.668133,-73.922659
168,Empire Boulevard and McKeever Place,Brooklyn,2/12/2020,40.663364,-73.959686
169,Erskine Street and 180' South of Schroeders Avenue,Brooklyn,12/8/2020,41.432768,-81.74419
170,Etna Street at Hemlock Street,Brooklyn,9/19/2020,40.687247,-73.871971
171,Farragut Road and East 21st Street,Brooklyn,4/21/2022,40.635414,-73.957177
172,Farragut Road and East 31st Street,Brooklyn,6/10/2021,40.636339,-73.947044
173,Farragut Road and East 82nd Street,Brooklyn,2/22/2021,40.639632,-73.915322
174,Farragut Road with East 26th Street and Amersfort Place,Brooklyn,10/13/2021,41.788252,-71.949628
175,Fillmore Avenue and East 33rd Street,Brooklyn,12/21/2021,40.609978,-73.935331
176,Flatbush Avenue and Atlantic Avenue,Brooklyn,4/8/2019,40.68412,-73.977484
177,Flatbush Avenue and Avenue M,Brooklyn,3/17/2022,40.620827,-73.934953
178,Flatbush Avenue and Beekman Place with Maple Street,Brooklyn,9/24/2019,39.542952,-86.369241
179,Flatbush Avenue and Church Avenue,Brooklyn,6/20/2019,40.650387,-73.958707
180,Flatbush Avenue and Dekalb Avenue,Brooklyn,10/16/2015,40.689942,-73.981558
181,Flatbush Avenue and Glenwood Road (west leg),Brooklyn,10/12/2016,40.634508,-73.949447
182,Flatbush Avenue and Lafayette Avenue,Brooklyn,4/10/2017,40.686694,-73.979278
183,Flatbush Avenue and Parkside Avenue,Brooklyn,6/22/2022,40.655654,-73.959869
184,Flatbush Avenue and Prospect Park Zoo (mid-block),Brooklyn,1/30/2019,40.64717,-73.95813
185,Flatbush Avenue and Snyder Avenue,Brooklyn,6/20/2022,40.648523,-73.958253
186,Flatbush Avenue and Willoughby Street,Brooklyn,10/15/2015,40.692055,-73.982456
187,Flatbush Avenue at Avenue T,Brooklyn,6/2/2020,40.611509,-73.924281
188,Flatbush Avenue at Fulton Street and Nevins Street,Brooklyn,6/25/2012,40.688867,-73.98084
189,Flatbush Avenue between Avenue U and Avenue V (mid-block),Brooklyn,4/7/2018,41.432768,-81.74419
190,Flatbush Avenue with Brooklyn Avenue and Avenue J,Brooklyn,12/23/2015,41.788252,-71.949628
191,Flatbush Avenue with Glenwood Road and East 29th Street (east leg),Brooklyn,10/14/2016,42.107877,-84.247917
192,Flatbush Avenue with Nostrand Avenue and Hillel Place,Brooklyn,11/17/2016,41.788252,-71.949628
193,Flatlands Avenue and East 107th Street,Brooklyn,7/17/2014,40.648401,-73.893245
194,Flatlands Avenue and East 76th Street ,Brooklyn,8/1/2019,40.63365,-73.916272
195,Flatlands Avenue at Elton Street,Brooklyn,9/25/2020,40.657689,-73.874942
196,Flushing Avenue and Bogart Street,Brooklyn,12/6/2016,40.703194,-73.932671
197,Flushing Avenue and Garden Street,Brooklyn,10/7/2020,40.701555,-73.938359
198,Flushing Avenue and Skillman Street,Brooklyn,8/24/2013,40.698806,-73.957957
199,Flushing Avenue and Warsoff Place,Brooklyn,12/13/2016,40.699311,-73.954326
200,Flushing Avenue with Nostrand Avenue and Lee Avenue,Brooklyn,3/2/2021,42.107877,-84.247917
201,Fort Hamilton Parkway and 92nd Street ,Brooklyn,5/13/2019,40.616966,-74.027474
202,Fort Hamilton Parkway with 6th Avenue and 84th Street,Brooklyn,10/21/2019,42.107877,-84.247917
203,Foster Avenue and East 37th Street,Brooklyn,4/12/2022,40.639019,-73.941534
204,Foster Avenue and Rockaway Parkway,Brooklyn,2/7/2022,40.648267,-73.905799
205,Franklin Avenue and Lafayette Avenue,Brooklyn,11/18/2016,40.689199,-73.957259
206,Ft. Hamilton Parkway with 44th Street and New Utrecht Avenue,Brooklyn,7/20/2021,41.432768,-81.74419
207,Fulton Street and Barbey Street,Brooklyn,4/28/2021,40.678549,-73.889013
208,Fulton Street and Bradford Street,Brooklyn,4/13/2021,40.67776,-73.893537
209,Fulton Street and Brooklyn Avenue,Brooklyn,11/7/2019,40.680091,-73.94399
210,Fulton Street and Clinton Avenue,Brooklyn,8/26/2020,40.683478,-73.966888
211,Fulton Street and Crescent Street,Brooklyn,12/9/2016,40.683647,-73.872185
212,Fulton Street and Euclid Avenue,Brooklyn,3/31/2022,40.683096,-73.874123
213,Fulton Street and Kingston Avenue (mid-block),Brooklyn,8/9/2021,40.679942,-73.941216
214,Fulton Street and Lincoln Avenue,Brooklyn,1/20/2021,40.684419,-73.869511
215,Fulton Street and Marcus Garvey Boulevard,Brooklyn,3/10/2021,40.679734,-73.937428
216,Fulton Street and Patchen Avenue,Brooklyn,6/28/2022,40.679068,-73.925299
217,Fulton Street and Saratoga Avenue,Brooklyn,10/9/2020,40.678577,-73.916318
218,Fulton Street and Schenck Avenue,Brooklyn,3/25/2022,40.678295,-73.88991
219,Fulton Street and Thomas S Boyland Street (Hopkinson Avenue),Brooklyn,2/2/2022,41.432768,-81.74419
220,Fulton Street and Troy Avenue,Brooklyn,6/1/2022,40.679594,-73.934892
221,Fulton Street and Vanderbilt Avenue,Brooklyn,2/9/2022,40.683719,-73.967971
222,Fulton Street at Chestnut Street,Brooklyn,6/16/2020,40.682758,-73.875367
223,Fulton Street with Lafayette Avenue and Fort Greene Place,Brooklyn,1/18/2017,41.432768,-81.74419
224,Fulton Street with Ralph Avenue and Macdougal Street,Brooklyn,6/17/2022,40.690435,-73.984807
225,Gerritsen Avenue and Avenue R (South Leg),Brooklyn,1/6/2021,40.607625,-73.941591
226,Gerritsen Avenue and Avenue S,Brooklyn,5/24/2021,40.605006,-73.938671
227,Gerritsen Avenue and Fillmore Avenue,Brooklyn,2/11/2022,40.606639,-73.940498
228,Glenwood Road and East 39th Street,Brooklyn,7/11/2020,40.634528,-73.939171
229,Glenwood Road and East 79th Street,Brooklyn,4/23/2020,40.636506,-73.915714
230,Graham Avenue and Maujer Street (500' South),Brooklyn,1/15/2016,49.883874,-97.209806
231,Graham Avenue and Scholes Street,Brooklyn,3/22/2021,40.708792,-73.943443
232,Graham Avenue with Richardson Street and Herbert Street,Brooklyn,6/17/2022,41.432768,-81.74419
233,Grand Army Plaza (North) and Pedestrian Crossing (mid-block),Brooklyn,1/30/2019,41.432768,-81.74419
234,Grand Street with Waterbury Street and Olive Street,Brooklyn,8/12/2020,40.715574,-73.963954
235,Hanson Place and St. Felix Street,Brooklyn,5/13/2015,40.685195,-73.977025
236,Hillel Place and Campus Road (North Side),Brooklyn,8/7/2015,40.632017,-73.948756
237,Howard Avenue and Macdonough Street,Brooklyn,2/28/2022,40.683716,-73.920166
238,Jamaica Avenue and Hendrix Street,Brooklyn,9/24/2021,40.680978,-73.891487
239,Jay Street and 165' S/O Tillary Street,Brooklyn,2/16/2022,40.696039,-73.987111
240,Jay Street and Metrotech Roadway (North Leg),Brooklyn,4/26/2012,41.432768,-81.74419
241,Jay Street and Metrotech Roadway (South Leg),Brooklyn,2/10/2012,40.693334,-73.987238
242,Jay Street and Willoughby Street,Brooklyn,2/13/2013,40.692244,-73.987299
243,Jay Street/Smith Street and Fulton Street,Brooklyn,9/13/2013,41.432768,-81.74419
244,Johnson Avenue and White Street,Brooklyn,12/15/2021,40.707287,-73.935918
245,Kings Highway and East 18th Street,Brooklyn,1/28/2022,40.609944,-73.955609
246,Kings Highway and Schenectady Avenue,Brooklyn,12/23/2021,40.631478,-73.931156
247,Kings Highway and West 12th Street,Brooklyn,2/25/2021,40.605731,-73.985007
248,Kingston Avenue and Sterling Place,Brooklyn,3/24/2020,40.672079,-73.941928
249,Knickerbocker Avenue and Menahan Street,Brooklyn,3/5/2021,40.6981,-73.917131
250,Lafayette Avenue and Cumberland Street,Brooklyn,1/5/2022,40.687421,-73.972675
251,Lafayette Avenue and Emerson Place (mid-block),Brooklyn,1/2/2019,41.432768,-81.74419
252,Lenox Road and East 42nd Street,Brooklyn,9/21/2017,40.654855,-73.93844
253,Linden Boulevard and Christopher Avenue (mid-block),Brooklyn,12/27/2018,40.655948,-73.902347
254,Livingston Street and Bond Street,Brooklyn,5/16/2013,40.688788,-73.983569
255,Livingston Street and Hoyt Street,Brooklyn,5/18/2013,40.689625,-73.985743
256,Livingston Street at Nevins Street,Brooklyn,6/27/2014,40.687944,-73.981395
257,Loring Avenue and Eldert Lane,Brooklyn,11/3/2020,40.667782,-73.862419
258,Manhattan Avenue and Bedford Avenue,Brooklyn,12/22/2021,40.724077,-73.95096
259,Marcus Garvey Boulevard and Madison Street,Brooklyn,12/7/2021,40.686085,-73.938667
260,Marcus Garvey Boulevard and Park Avenue,Brooklyn,11/18/2020,40.698539,-73.941183
261,McDonald Avenue and Ditmas Avenue,Brooklyn,7/10/2012,40.635549,-73.978056
262,McDonald Avenue and Ft Hamilton Parkway,Brooklyn,1/28/2022,40.647695,-73.98037
263,Myrtle Avenue and Marcus Garvey Boulevard (Sumner Avenue),Brooklyn,12/7/2021,42.107877,-84.247917
264,Myrtle Avenue and Pedestrian Crossing (Hudson Walk) (mid-block),Brooklyn,3/15/2019,42.107877,-84.247917
265,Myrtle Avenue and Stanhope Street,Brooklyn,8/13/2019,40.698352,-73.922743
266,Myrtle Avenue and Throop Avenue,Brooklyn,1/4/2022,40.696027,-73.943551
267,Neptune Avenue and Brighton 8th Street,Brooklyn,2/11/2022,40.581734,-73.961014
268,Neptune Avenue and East 11th Street,Brooklyn,1/25/2022,40.582167,-73.958952
269,Neptune Avenue and Shore Boulevard,Brooklyn,6/23/2018,40.583044,-73.954222
270,Neptune Avenue and West 28th Street,Brooklyn,1/21/2021,40.577929,-73.994765
271,Neptune Avenue and West 5th Street,Brooklyn,10/7/2020,40.579759,-73.971856
272,Neptune Avenue with Shell Road and West 8th Street,Brooklyn,1/19/2022,39.542952,-86.369241
273,Nevins Street and State Street,Brooklyn,1/18/2017,40.68672,-73.982231
274,New Lots Avenue and Powell Street,Brooklyn,2/6/2018,40.658306,-73.901045
275,New Lots Avenue with Miller Avenue and Riverdale Avenue,Brooklyn,4/15/2020,42.107877,-84.247917
276,New Utrecht Avenue and 62nd Street,Brooklyn,7/7/2014,40.626067,-73.997013
277,Newport Street and Saratoga Avenue,Brooklyn,5/26/2022,40.658511,-73.9147
278,North Conduit Boulevard and Grant Avenue,Brooklyn,2/11/2022,40.676044,-73.865462
279,Nostrand Avenue and Avenue V,Brooklyn,2/4/2022,40.598298,-73.941483
280,Nostrand Avenue and Church Avenue,Brooklyn,3/17/2022,40.650804,-73.949573
281,Nostrand Avenue and Erasmus Street,Brooklyn,2/8/2014,40.649779,-73.949464
282,Nostrand Avenue and Glenwood Road,Brooklyn,11/3/2016,40.633996,-73.947794
283,Nostrand Avenue and Kosciuszko Street,Brooklyn,10/25/2021,40.690599,-73.951612
284,Nostrand Avenue and Maple Street,Brooklyn,4/20/2021,40.660826,-73.950655
285,Nostrand Avenue and Marine Parkway,Brooklyn,10/6/2020,40.614678,-73.944553
286,Nostrand Avenue and Willoughby Avenue,Brooklyn,5/12/2022,40.693467,-73.952182
287,Ocean Avenue and Prospect Park North Entrance (mid-block),Brooklyn,12/13/2018,39.542952,-86.369241
288,Ocean Avenue and Prospect Park South Entrance (mid-block),Brooklyn,12/13/2018,42.107877,-84.247917
289,Ocean Avenue and Quentin Road,Brooklyn,12/29/2020,40.608801,-73.953193
290,Ocean Parkway and Avenue L,Brooklyn,2/15/2022,40.619396,-73.96956
291,Ocean Parkway and Avenue M,Brooklyn,5/19/2022,40.617005,-73.969105
292,Ocean Parkway and Avenue O,Brooklyn,5/23/2022,40.611959,-73.968149
293,Ocean Parkway and Avenue R,Brooklyn,5/10/2022,40.604792,-73.966865
294,Ocean Parkway and Church Avenue,Brooklyn,11/15/2019,40.644941,-73.974334
295,Ocean Parkway and Foster Avenue,Brooklyn,12/10/2021,40.629857,-73.971828
296,Ocean Parkway and Parkville Avenue,Brooklyn,5/11/2021,40.63074,-73.971712
297,"Old Fulton Street with Water Street, Everit Street and Furman Street",Brooklyn,11/12/2021,40.692529,-73.990996
298,Park Avenue and Saint Edwards Street,Brooklyn,12/11/2020,40.696144,-73.978322
299,Patchen Avenue and Chauncey Street,Brooklyn,3/4/2021,40.680844,-73.925633
300,Pennsylvania Avenue and Freeport Loop (North Leg),Brooklyn,7/11/2014,40.646882,-73.880795
301,Pennsylvania Avenue and Riverdale Avenue ,Brooklyn,2/9/2022,40.663212,-73.893649
302,Pitkin Avenue and Chestnut Street,Brooklyn,6/25/2021,40.67518,-73.873428
303,Pitkin Avenue at Williams Avenue,Brooklyn,1/21/2020,40.671321,-73.899596
304,Quentin Road at East 24th Street,Brooklyn,6/26/2020,40.609227,-73.949375
305,Ralph Avenue and Avenue N,Brooklyn,1/31/2022,40.619549,-73.917265
306,Ralph Avenue and Bergen Avenue,Brooklyn,5/20/2022,40.629731,-73.918289
307,Ralph Avenue between Avenue K and Avenue L (mid-block),Brooklyn,1/2/2019,41.788252,-71.949628
308,Ralph Avenue with Avenue M and East 65th Street,Brooklyn,12/30/2020,41.788252,-71.949628
309,Ralph Avenue with Beverly Road and Avenue B,Brooklyn,1/27/2021,41.432768,-81.74419
310,Remsen Avenue and Conklin Avenue,Brooklyn,6/14/2021,40.640902,-73.906646
311,Remsen Avenue with Clarkson Avenue (South Leg) and East 56th Street,Brooklyn,1/22/2021,42.107877,-84.247917
312,Ridge Boulevard and 67th Street,Brooklyn,4/8/2020,40.638798,-74.027628
313,Rochester Avenue and Carroll Street,Brooklyn,4/15/2022,40.665972,-73.928599
314,Rochester Avenue and Dean Street,Brooklyn,11/17/2016,40.67567,-73.927697
315,Rochester Avenue at Bergen Street,Brooklyn,9/3/2020,40.674886,-73.927756
316,Rockaway Pkwy at Brookdale Hospital entrance (w of Linden Blvd),Brooklyn,10/21/2016,42.107877,-84.247917
317,Roebling Street and South 1st Street,Brooklyn,12/29/2020,40.712794,-73.958682
318,Rogers Avenue and Parkside Avenue,Brooklyn,1/27/2022,40.656081,-73.953058
319,Rogers Avenue and St Johns Place,Brooklyn,9/10/2019,40.671783,-73.953088
320,Rutland Road and East 91st Street ,Brooklyn,7/27/2021,40.661449,-73.928281
321,Rutland Road with East 52nd Street and Remsen Avenue,Brooklyn,1/17/2017,41.788252,-71.949628
322,Saratoga Avenue and Bergen Street,Brooklyn,8/28/2020,40.674295,-73.916695
323,Schermerhorn Street and Nevins Street,Brooklyn,12/4/2013,40.687329,-73.981816
324,Seaview Avenue and East 98th Street,Brooklyn,1/13/2021,40.634427,-73.888881
325,Shore Parkway and BJ's Driveway (1752 Shore Parkway),Brooklyn,4/22/2021,40.59216,-73.99812
326,Shore Parkway and Voorhies Avenue,Brooklyn,1/27/2022,40.585715,-73.953864
327,Smith Street and Livingston Street,Brooklyn,7/13/2012,40.690464,-73.987895
328,Snyder Avenue and East 58th Street ,Brooklyn,7/9/2020,40.650586,-73.92253
329,Snyder Avenue and East 59th Street,Brooklyn,10/25/2021,40.650647,-73.921588
330,South Conduit Boulevard and Grant Avenue,Brooklyn,2/15/2022,40.676044,-73.865462
331,South Conduit Boulevard and Sheridan Avenue,Brooklyn,2/14/2022,40.675737,-73.866182
332,Stanley Avenue and Georgia Avenue,Brooklyn,11/24/2020,40.656251,-73.89112
333,Stanley Avenue and Sheffield Avenue,Brooklyn,10/7/2020,40.656602,-73.890281
334,Stillwell Avenue between Bay 50th Street and Harway Avenue (mid-block),Brooklyn,6/10/2021,42.107877,-84.247917
335,Stillwell Avenue with 25th Avenue and 84th Street,Brooklyn,2/10/2022,41.788252,-71.949628
336,Surf Avenue and West 29th Street,Brooklyn,3/1/2018,40.57284,-73.994886
337,Sutter Avenue and Autumn Avenue,Brooklyn,8/31/2021,40.673416,-73.867604
338,Sutter Avenue and Hemlock Street,Brooklyn,5/5/2022,40.673282,-73.868518
339,Sutter Avenue and Pine Street,Brooklyn,9/13/2021,40.673018,-73.870373
340,Troy Avenue and Park Place,Brooklyn,6/7/2022,40.672674,-73.936329
341,Union Avenue and Maujer Street,Brooklyn,8/18/2021,40.710215,-73.950993
342,Utica Avenue and Avenue M,Brooklyn,8/27/2019,40.621359,-73.92714
343,Utica Avenue and Church Avenue,Brooklyn,2/23/2021,40.651737,-73.930384
344,Voorhies Avenue and East 18th Street,Brooklyn,4/4/2017,40.586021,-73.951083
345,West 12th Street between Surf Avenue and Neptune Avenue (mid-block),Brooklyn,4/8/2019,42.107877,-84.247917
346,West 5th Street and West Brighton Avenue,Brooklyn,2/22/2022,40.576613,-73.972831
347,Wilson Avenue and Hart Street,Brooklyn,4/2/2021,40.700032,-73.924565
348,Wilson Avenue and Madison Street,Brooklyn,3/2/2021,40.694067,-73.914061
349,Wilson Avenue and Willoughby Avenue,Brooklyn,10/8/2021,40.70091,-73.926079
350,Winthrop Street and East 91st Street,Brooklyn,10/6/2020,40.659822,-73.926474
351,Winthrop Street and East 93rd Street,Brooklyn,11/9/2020,40.660737,-73.925033
352,Winthrop Street and Kingston Avenue,Brooklyn,2/8/2022,40.657613,-73.942347
353,Wythe Avenue at North 4th Street,Brooklyn,9/21/2020,40.717858,-73.962218
354,10th Avenue and West 42nd Street,Manhattan,9/14/2021,40.759628,-73.995472
355,10th Avenue and West 55th Street,Manhattan,9/6/2017,40.767818,-73.989516
356,12th Avenue and West 23rd Street,Manhattan,5/31/2017,40.749271,-74.007936
357,1st Avenue and East 107th Street (mid-block),Manhattan,8/27/2020,41.424641,-87.987464
358,1st Avenue and East 109th Street,Manhattan,8/28/2020,40.791559,-73.938665
359,1st Avenue and East 122nd Street,Manhattan,11/25/2016,39.190363,-96.549656
360,1st Avenue and East 14th Street,Manhattan,3/24/2018,40.731353,-73.982565
361,1st Avenue and East 15th  Street,Manhattan,3/24/2018,40.732031,-73.982073
362,1st Avenue and East 16th  Street,Manhattan,2/24/2018,40.732665,-73.9816
363,1st Avenue and East 17th Street,Manhattan,5/3/2017,40.733263,-73.981182
364,1st Avenue and East 18th  Street,Manhattan,2/3/2018,40.73383,-73.980759
365,1st Avenue and East 19th Street,Manhattan,6/29/2017,40.734425,-73.980309
366,1st Avenue and East 20th Street,Manhattan,5/26/2018,40.735007,-73.979868
367,1st Avenue and East 21st Street,Manhattan,6/17/2017,40.7356,-73.979465
368,1st Avenue and East 22nd Street,Manhattan,5/24/2017,40.73623,-73.97901
369,1st Avenue and East 23rd Street,Manhattan,5/15/2018,40.736903,-73.978549
370,1st Avenue and East 28th Street,Manhattan,11/10/2018,40.740036,-73.976281
371,1st Avenue and East 34th Street,Manhattan,6/3/2022,40.743795,-73.973526
372,1st Avenue at East 82nd Street,Manhattan,9/14/2020,40.774288,-73.95126
373,1st Avenue between E 30th Street and E 33rd Street,Manhattan,2/2/2016,45.857243,-111.3321
374,2nd Avenue and East 23rd Street,Manhattan,5/5/2018,40.737882,-73.980891
375,2nd Avenue and East 96th Street,Manhattan,8/24/2019,40.784264,-73.947074
376,2nd Avenue and East 98th Street,Manhattan,11/23/2016,40.753259,-74.003804
377,2nd Avenue and Pedestrian Crossing (East 107th Street),Manhattan,11/23/2016,45.857243,-111.3321
378,2nd Avenue and Pedestrian Crossing (East 114th Street),Manhattan,11/9/2016,41.424641,-87.987464
379,2nd Avenue and Stuyvesant Square (East 16th Street),Manhattan,11/9/2016,40.753259,-74.003804
380,3rd Avenue and East 23rd Street,Manhattan,8/15/2018,40.738829,-73.983123
381,3rd Avenue and East 59th Street (Lighthouse),Manhattan,2/2/2010,40.761554,-73.966584
382,3rd Avenue and East 72nd Street,Manhattan,10/20/2015,40.769758,-73.960611
383,3rd Avenue and East 77th Street,Manhattan,4/14/2022,39.190363,-96.549656
384,3rd Avenue and Pedestrian Crossing at East 113th Street,Manhattan,11/25/2016,39.190363,-96.549656
385,3rd Avenue and Pedestrian Crossing at East 114th Street,Manhattan,1/30/2017,41.424641,-87.987464
386,5th Avenue and 125th Street,Manhattan,11/5/2016,40.806407,-73.942255
387,5th Avenue and 58th Street and Grand Army Plaza,Manhattan,7/20/2014,40.76364,-73.973484
388,5th Avenue and East 23rd Street,Manhattan,4/13/2012,40.741554,-73.989578
389,5th Avenue and West 141st Street,Manhattan,12/22/2021,40.816533,-73.934922
390,5th Avenue at Pedestrian Crossing (West/East 113th Street),Manhattan,11/22/2016,45.857243,-111.3321
391,5th Avenue with East 124th and West 124th Streets,Manhattan,8/19/2016,40.753259,-74.003804
392,5th Avenue with East and West 8th Street,Manhattan,10/19/2019,41.424641,-87.987464
393,6th Avenue / Avenue of The Americas and West 9th Street,Manhattan,11/27/2018,40.734175,-73.999128
394,7th Avenue and West 17th Street,Manhattan,9/1/2019,40.740469,-73.998272
395,7th Avenue and West 23rd Street,Manhattan,9/16/2011,40.744097,-73.995628
396,7th Avenue and West 32nd Street,Manhattan,7/5/2012,40.749696,-73.99156
397,7th Avenue and West 47th Street,Manhattan,2/24/2017,40.759213,-73.984612
398,7th Avenue and West 58th Street,Manhattan,7/18/2021,40.7662,-73.97957
399,7th Avenue South and Leroy Street ,Manhattan,12/21/2019,40.730327,-74.004666
400,7th Avenue with Bleecker Street and Barrow Street,Manhattan,3/11/2020,45.30708,-91.64384
401,"7th Avenue with Varick Street, Clarkson Street and Carmine Street",Manhattan,8/31/2020,45.857243,-111.3321
402,8th Avenue and West 130th Street,Manhattan,11/18/2016,40.813304,-73.948882
403,8th Avenue and West 18th Street,Manhattan,2/28/2022,40.742252,-74.000697
404,8th Avenue and West 20th Street,Manhattan,5/25/2022,40.743426,-73.999855
405,8th Avenue and West 23rd Street,Manhattan,11/10/2018,40.745295,-73.998488
406,8th Avenue and West 25th Street,Manhattan,10/26/2019,40.746572,-73.997535
407,8th Avenue and West 54th Street,Manhattan,7/23/2020,40.764792,-73.9843
408,8th Avenue and West 55th Street,Manhattan,3/1/2013,40.765424,-73.98383
409,8th Avenue between West 31st and West 32nd Streets,Manhattan,6/25/2016,45.857243,-111.3321
410,9th Avenue and West  23rd Street,Manhattan,7/24/2018,40.7465,-74.00132
411,9th Avenue and West  27th Street,Manhattan,1/26/2017,38.538898,-117.072502
412,9th Avenue and West  43rd Street,Manhattan,6/4/2018,40.759106,-73.992133
413,9th Avenue and West 18th Street,Manhattan,3/2/2022,40.743447,-74.003549
414,Amsterdam Avenue and 250' South of West 138th Street (mid-block),Manhattan,12/10/2020,41.424641,-87.987464
415,Amsterdam Avenue and Cathedral Parkway (West 110th Street),Manhattan,7/22/2021,45.857243,-111.3321
416,Amsterdam Avenue and Pedestrian crossing 200' North of West 62nd Street,Manhattan,1/27/2017,45.857243,-111.3321
417,Amsterdam Avenue and West 113th Street,Manhattan,10/31/2015,40.804885,-73.962461
418,Amsterdam Avenue and West 114th Street,Manhattan,8/12/2016,40.805516,-73.962008
419,Amsterdam Avenue and West 185th Street,Manhattan,5/28/2020,40.850532,-73.92921
420,Amsterdam Avenue and West 64th Street,Manhattan,2/11/2020,40.773548,-73.985325
421,Amsterdam Avenue and West 66th Street,Manhattan,3/15/2020,40.774816,-73.984415
422,Amsterdam Avenue and West 73rd Street,Manhattan,11/1/2019,40.779286,-73.981118
423,Amsterdam Avenue and West 79th Street ,Manhattan,5/22/2019,40.783155,-73.978325
424,Amsterdam Avenue and West 96th Street,Manhattan,3/17/2020,40.794052,-73.970363
425,Amsterdam Avenue and West 97th Street,Manhattan,7/14/2020,40.794736,-73.969873
426,Amsterdam Avenue at Pedestrian Crossing (West 117th Street),Manhattan,11/22/2016,39.190363,-96.549656
427,Amsterdam Avenue pedestrian crossing (btwn West 123rd and La Salle Sts),Manhattan,1/25/2017,39.190363,-96.549656
428,Avenue C and East 16th Street ,Manhattan,10/31/2019,40.729775,-73.974728
429,Avenue C and East 20th Street,Manhattan,5/7/2020,40.732818,-73.974407
430,Avenue D and East 11th Street,Manhattan,11/17/2016,40.725472,-73.974726
431,Avenue D and East 3rd Street,Manhattan,10/6/2016,40.720677,-73.978229
432,Avenue of the Americas and 23rd Street (Selis Manor),Manhattan,5/25/2004,39.190363,-96.549656
433,Avenue of the Americas and West 11th Street,Manhattan,2/13/2020,40.735388,-73.998269
434,Avenue of the Americas and West 16th Street,Manhattan,8/8/2019,40.738675,-73.995872
435,Avenue of the Americas and West 57th Street,Manhattan,3/15/2020,40.764325,-73.977203
436,Avenue of the Americas at West 40th Street,Manhattan,3/30/2020,40.753545,-73.985043
437,Avenue of the Americas with Dominick Street  and Clark Street,Manhattan,1/26/2017,40.725022,-74.005885
438,Battery Place and Washington Street,Manhattan,5/11/2015,40.704942,-74.015644
439,Beekman Street and Nassau Street,Manhattan,8/27/2016,40.711222,-74.006477
440,Beekman Street and Williams Street,Manhattan,12/18/2016,40.710403,-74.005602
441,Broadway and 5th Avenue between 23rd Street and 24th Street,Manhattan,4/27/2018,38.538898,-117.072502
442,Broadway and 7th Avenue with West 43rd Street,Manhattan,2/24/2017,39.190363,-96.549656
443,Broadway and 7th Avenue with West 44th Street,Manhattan,2/24/2017,38.538898,-117.072502
444,Broadway and 7th Avenue with West 45th Street,Manhattan,2/24/2017,38.538898,-117.072502
445,Broadway and 7th Avenue with West 46th Street,Manhattan,2/24/2017,38.538898,-117.072502
446,Broadway and Astor Place,Manhattan,7/18/2018,40.73008,-73.992851
447,Broadway and Bowling Green,Manhattan,9/13/2013,40.70549,-74.01336
448,Broadway and Columbus Avenue with West 65 Street,Manhattan,9/24/2010,45.857243,-111.3321
449,Broadway and Sherman Avenue ,Manhattan,8/25/2019,40.862134,-73.929993
450,Broadway and West 106th Street,Manhattan,2/11/2020,40.801399,-73.967995
451,Broadway and West 117th Street (midblock crossing),Manhattan,5/17/2018,41.424641,-87.987464
452,Broadway and West 125th Street,Manhattan,4/22/2022,40.815558,-73.958242
453,Broadway and West 133th Street ,Manhattan,5/6/2019,40.818848,-73.956115
454,Broadway and West 152nd Street,Manhattan,7/22/2019,40.830896,-73.947335
455,Broadway and West 153rd Street,Manhattan,7/26/2019,40.831431,-73.946665
456,Broadway and West 160th Street,Manhattan,10/23/2019,40.835888,-73.943402
457,Broadway and West 164th Street,Manhattan,9/24/2018,40.838475,-73.9418
458,Broadway and West 173rd Street,Manhattan,10/23/2019,40.844697,-73.938862
459,Broadway and West 175th Street,Manhattan,10/31/2016,40.846223,-73.938452
460,Broadway and West 184th Street,Manhattan,7/20/2021,40.852067,-73.934771
461,Broadway and West 187th Street,Manhattan,7/16/2021,40.854164,-73.933692
462,Broadway and West 220th Street,Manhattan,6/21/2022,40.872252,-73.912594
463,Broadway and West 23rd Street,Manhattan,4/13/2012,40.741376,-73.989132
464,Broadway and West 49th Street,Manhattan,9/8/2021,40.760785,-73.984485
465,Broadway and West 64th Street,Manhattan,3/8/2017,40.772176,-73.982072
466,Broadway and West 66th Street,Manhattan,8/10/2016,40.773824,-73.982125
467,Broadway and West 78th Street,Manhattan,6/27/2019,40.783116,-73.980362
468,Broadway and West 79th Street,Manhattan,8/21/2018,40.783891,-73.980082
469,Broadway and West 86th Street,Manhattan,7/30/2019,40.788353,-73.9766
470,Broadway and West 96th Street,Manhattan,3/1/2017,40.794692,-73.971875
471,Broadway at Cathedral Parkway (West 110th Street),Manhattan,1/3/2020,40.80328,-73.96457
472,Broadway at West 182nd Street,Manhattan,9/22/2020,40.71826,-74.00712
473,Broadway with Dyckman Street and Riverside Drive,Manhattan,10/31/2016,40.865524,-73.927274
474,Broadway with West 126th Street and 129th Street,Manhattan,4/13/2022,45.857243,-111.3321
475,Broadway with West 218th Street and 10th Avenue,Manhattan,3/3/2017,41.424641,-87.987464
476,Central Park West and Pedestrian Crossing (West 79th Street),Manhattan,1/26/2017,38.538898,-117.072502
477,Central Park West and West 100th Street,Manhattan,11/4/2019,40.794234,-73.96284
478,Central Park West and West 65th Street (North/East/West Legs-Phase II),Manhattan,10/20/2015,41.77355,-87.81407
479,Central Park West and West 65th Street (South Leg-Phase I),Manhattan,9/24/2010,43.881622,-79.290366
480,Central Park West and West 72nd Street,Manhattan,9/7/2018,40.77624,-73.975955
481,Central Park West and West 82nd Street,Manhattan,10/14/2021,40.782714,-73.971232
482,Central Park West and West 97th Street,Manhattan,9/11/2019,40.792384,-73.964177
483,Centre Street and Brooklyn Bridge Exit,Manhattan,7/30/2018,40.712932,-74.004295
484,Centre Street and Chambers Street,Manhattan,9/3/2021,40.713135,-74.004065
485,Centre Street and Franklin Walk,Manhattan,1/26/2017,40.718896,-74.006654
486,Cherry Street and Rutgers Street,Manhattan,10/26/2016,40.71124,-73.989742
487,Church Street with Franklin Street and Avenue of the Americas,Manhattan,4/11/2022,40.718277,-74.005304
488,Clinton Street and Henry Street ,Manhattan,12/23/2019,40.713647,-73.987081
489,Clinton Street between East Broadway and Grand Street,Manhattan,6/29/2017,41.424641,-87.987464
490,Columbus Avenue and West 64th Street,Manhattan,3/8/2017,41.424641,-87.987464
491,Columbus Avenue and West 66th Street,Manhattan,8/4/2016,40.773608,-73.981566
492,Columbus Avenue and West 97th Street,Manhattan,11/7/2018,40.793538,-73.967017
493,Columbus Avenue and West 98th Street Pedestrian Crossing,Manhattan,9/13/2017,40.753259,-74.003804
494,Columbus Avenue at West 72nd Street,Manhattan,6/16/2020,40.777414,-73.978798
495,Columbus Avenue midblock crossing between West 100th Street and West 104th Street (West 102nd Street),Manhattan,5/16/2018,45.857243,-111.3321
496,Columbus Avenue midblock crossing between West 100th Street and West 104th Street (West 103rd Street),Manhattan,5/16/2018,40.753259,-74.003804
497,Columbus Avenue midblock crossing between West 97th Street and West 100th Street (West 99th Street),Manhattan,5/17/2018,39.190363,-96.549656
498,Delancey Street and Essex Street ,Manhattan,6/5/2019,40.71863,-73.988177
499,East 116th Street with Manhattan Center for Science and Math and East River Plaza Mall,Manhattan,6/8/2022,39.390897,-99.066067
500,East 37th Street and FDR Drive,Manhattan,7/18/2017,39.190363,-96.549656
501,East Broadway between Catherine Street and Market Street,Manhattan,2/23/2016,45.857243,-111.3321
502,East End Avenue and East 85th Street,Manhattan,7/16/2014,40.774261,-73.945276
503,East Houston Street and Pitt Street,Manhattan,11/14/2018,40.720777,-73.981257
504,East Houston Street with Avenue D and Columbia Street,Manhattan,12/4/2018,40.753259,-74.003804
505,East Houston Street with Clinton Street and Avenue B,Manhattan,11/3/2019,41.424641,-87.987464
506,East Houston Street with Essex Street and Avenue A ,Manhattan,8/1/2019,39.190363,-96.549656
507,Edgecombe Avenue and West 164th Street,Manhattan,3/1/2014,40.836477,-73.937027
508,Eighth Avenue and West 52nd Street,Manhattan,10/14/2019,40.763541,-73.9852
509,Eighth Avenue and West 53rd Street,Manhattan,10/26/2019,40.764175,-73.984738
510,Fifth Avenue and West 99th Street (pedestrian crossing),Manhattan,1/25/2017,41.424641,-87.987464
511,Fifth Avenue pedestrian crossing (btwn East 132nd and East 135th Streets),Manhattan,1/25/2017,40.753259,-74.003804
512,First Avenue and East 13th Street,Manhattan,6/21/2021,40.730674,-73.983094
513,First Avenue and East 54th Street,Manhattan,2/22/2020,40.756377,-73.964322
514,First Avenue and East 66th Street,Manhattan,10/26/2020,40.753259,-74.003804
515,First Avenue and East 67th Street,Manhattan,2/26/2021,41.424641,-87.987464
516,Fort Washington Avenue between 165th Street and 168th Street (mid-block),Manhattan,1/25/2021,45.857243,-111.3321
517,Frederick Douglass Boulevard (8th Avenue) and West 125th Street,Manhattan,5/22/2017,39.190363,-96.549656
518,Frederick Douglass Boulevard and West 156th Street,Manhattan,5/22/2017,45.857243,-111.3321
519,Gold Street and Beekman Street,Manhattan,9/20/2013,40.709671,-74.004832
520,Gold Street and Fulton Street,Manhattan,9/30/2013,40.709094,-74.00552
521,Gold Street and Spruce Street,Manhattan,9/20/2013,40.710172,-74.004267
522,Grand Street and Clinton Street,Manhattan,11/6/2020,40.715921,-73.986746
523,Grand Street and Lewis Street,Manhattan,6/3/2021,40.713981,-73.979978
524,Grand Street and Ridge Street,Manhattan,2/23/2016,40.715792,-73.986041
525,Greenwich Street and Barclay Street,Manhattan,10/29/2015,40.71537,-74.01656
526,Greenwich Street and Chambers Street,Manhattan,8/18/2020,40.71349,-74.00483
527,Greenwich Street and Cortlandt Way (mid-block),Manhattan,1/30/2019,38.538898,-117.072502
528,Greenwich Street and West 10th Street,Manhattan,1/9/2022,40.733588,-74.007332
529,La Guardia Place (West Broadway) and Washington Square South,Manhattan,3/23/2021,40.753259,-74.003804
530,Lafayette Street and Pedestrian crossing (Pearl Street),Manhattan,1/27/2017,40.715061,-74.003111
531,Lenox Avenue and West 126th Street,Manhattan,6/8/2022,40.808476,-73.94506
532,Lenox Avenue and West 128th Street,Manhattan,5/26/2022,40.809727,-73.944145
533,Lenox Avenue and West 134th Street,Manhattan,6/1/2021,40.81341,-73.941282
534,Lexington Avenue and 125th Street,Manhattan,9/23/2019,40.804387,-73.937423
535,Lexington Avenue and East 113th Street (Pedestrian Crossing),Manhattan,4/3/2018,39.190363,-96.549656
536,Lexington Avenue and East 114th Street (Pedestrian Crossing),Manhattan,4/3/2018,41.424641,-87.987464
537,Lexington Avenue and East 23rd Street,Manhattan,8/19/2018,40.739505,-73.984751
538,Lexington Avenue and East 25th Street,Manhattan,3/1/2017,40.740787,-73.983801
539,Lexington Avenue and East 42nd Street,Manhattan,9/12/2018,40.751455,-73.976074
540,Lexington Avenue and East 43rd Street,Manhattan,11/17/2018,40.752134,-73.975564
541,Lexington Avenue and East 52nd Street,Manhattan,6/26/2012,40.75774,-73.971439
542,Lexington Avenue and East 59th Street (Lighthouse),Manhattan,10/22/2004,40.762228,-73.968186
543,Madison Avenue and East 100th Street pedestrian crossing (mid-block),Manhattan,7/16/2018,39.190363,-96.549656
544,Madison Avenue and East 113th Street pedestrian crossing (mid-block),Manhattan,7/16/2018,41.424641,-87.987464
545,Madison Avenue and East 114th Street pedestrian crossing (mid-block),Manhattan,7/19/2018,39.190363,-96.549656
546,Madison Avenue and East 116th Street,Manhattan,2/17/2022,40.799985,-73.944834
547,Madison Avenue and East 133rd Street,Manhattan,5/16/2017,38.538898,-117.072502
548,Madison Avenue and East 134th Street,Manhattan,5/15/2017,41.424641,-87.987464
549,Madison Avenue and East 23rd Street,Manhattan,5/18/2018,40.740869,-73.987978
550,Madison Avenue and East 25th Street,Manhattan,11/12/2021,40.742144,-73.987034
551,Madison Street and 300' west of Jackson Street,Manhattan,9/12/2017,45.857243,-111.3321
552,Madison Street and Jefferson Street,Manhattan,6/20/2014,40.712768,-73.988505
553,Maiden Lane at Front Street,Manhattan,6/27/2014,40.70579,-74.005525
554,Malcolm X Boulevard (Lenox Avenue) and West 111th Street,Manhattan,10/19/2021,45.857243,-111.3321
555,Malcolm X Boulevard (Lenox Avenue) and West 145th Street,Manhattan,2/23/2017,45.857243,-111.3321
556,Murray Street and 270' West of West Street,Manhattan,1/27/2017,40.715266,-74.013537
557,Park Avenue  and East 113th Street pedestrian crossing (mid-block),Manhattan,7/19/2018,45.857243,-111.3321
558,Park Avenue and East 102nd Street,Manhattan,1/25/2022,40.790438,-73.949919
559,Park Avenue and East 132nd Street,Manhattan,1/28/2022,40.809556,-73.935943
560,Park Avenue and East 55th Street,Manhattan,5/2/2022,40.760351,-73.971808
561,Park Avenue and East 59th Street (Lighthouse),Manhattan,10/12/2004,40.76287,-73.969707
562,Park Avenue and East 81st Street,Manhattan,4/7/2021,40.776999,-73.959649
563,Park Avenue at East 115th Street,Manhattan,1/6/2020,40.798665,-73.943902
564,Park Avenue South and East 23rd Street,Manhattan,5/25/2018,40.74022,-73.986438
565,Pearl Street and Beekman Street,Manhattan,8/10/2019,40.708181,-74.003496
566,Pleasant Avenue and East 118th Street,Manhattan,8/8/2020,40.796365,-73.932212
567,Riverside Drive and 200’ North of West 181st Street (mid-block),Manhattan,12/3/2018,45.857243,-111.3321
568,Riverside Drive and West  94th Street,Manhattan,9/13/2017,40.794811,-73.976236
569,Riverside Drive and West 101st Street (mid-block),Manhattan,2/13/2019,40.799142,-73.972516
570,Riverside Drive and West 103rd Street ,Manhattan,12/4/2018,40.800321,-73.971409
571,Riverside Drive and West 106th Street ,Manhattan,12/4/2018,40.802271,-73.970055
572,Riverside Drive and West 112th Street (midblock crossing),Manhattan,5/17/2018,41.424641,-87.987464
573,Riverside Drive and West 138th Street,Manhattan,5/11/2017,38.538898,-117.072502
574,Riverside Drive and West 151st Street,Manhattan,5/11/2017,40.830958,-73.949466
575,Riverside Drive and West 163rd Street,Manhattan,5/12/2017,40.839214,-73.945541
576,Riverside Drive and West 95th Street ,Manhattan,12/1/2019,40.795527,-73.975951
577,Riverside Drive and West 99th Street (mid-block),Manhattan,2/13/2019,40.797838,-73.973473
578,Riverside Drive North Triangle (Tiemann Stairs),Manhattan,5/17/2018,40.753259,-74.003804
579,Riverside Drive Northbound and Grants Tomb 450' North of West 122nd Street,Manhattan,11/20/2019,38.37613,-81.751
580,Riverside Drive South Triangle (Tiemann Stairs),Manhattan,1/25/2018,38.538898,-117.072502
581,Riverside Drive Southbound and 450' North Of West 122nd Street,Manhattan,8/13/2019,39.190363,-96.549656
582,Second Avenue and East 42nd Street,Manhattan,3/10/2021,40.749821,-73.972216
583,Second Avenue and East 53rd Street,Manhattan,4/18/2022,40.756752,-73.967151
584,Second Avenue and East 72nd Street,Manhattan,11/4/2019,40.768795,-73.958352
585,Spruce Street and Nassau Street,Manhattan,3/20/2020,40.71169,-74.005859
586,St James Place and James Street,Manhattan,11/20/2013,40.712566,-73.998899
587,St Nicholas Avenue and Pedestrian Crossing between West 130th and West 133rd Streets,Manhattan,5/15/2017,41.424641,-87.987464
588,St Nicholas Avenue and West 125th Street,Manhattan,10/21/2016,40.810777,-73.952605
589,St Nicholas Avenue and West 156th Street,Manhattan,5/12/2017,40.831614,-73.941132
590,St Nicholas Avenue and West 177th Street,Manhattan,5/20/2022,40.846735,-73.935624
591,St Nicholas Avenue and West 183rd Street,Manhattan,6/24/2022,40.850514,-73.932854
592,Stone Street and Broad Street,Manhattan,4/6/2016,40.704031,-74.01158
593,Stone Street and Whitehall Street,Manhattan,6/7/2012,40.704064,-74.013221
594,Sutton Place and East 57th Street,Manhattan,9/1/2019,40.757362,-73.960674
595,Third Avenue and East 28th Street,Manhattan,8/5/2020,40.741971,-73.980857
596,Third Avenue and East 42nd Street ,Manhattan,11/20/2019,40.750771,-73.974466
597,Third Avenue and East 65th Street,Manhattan,10/21/2021,40.753259,-74.003804
598,Varick Street and West Houston Street,Manhattan,6/30/2021,40.728592,-74.005306
599,Vesey Street between North End Avenue and West Street,Manhattan,9/7/2017,41.424641,-87.987464
600,Washington Square South and Thompson Street,Manhattan,8/9/2015,40.730287,-73.998083
601,Washington Street and Gansevoort Street,Manhattan,6/28/2021,40.739392,-74.008049
602,Water Street and Fulton Street,Manhattan,10/6/2016,40.707445,-74.004061
603,West 100th Street and Manhatan Avenue,Manhattan,5/27/2022,40.794795,-73.964281
604,West 106th Street between Amsterdam Avenue and Columbus Avenue (mid-block),Manhattan,4/20/2022,38.538898,-117.072502
605,West 112th Street between Lenox Avenue and 5th Avenue (mid-block),Manhattan,2/13/2019,45.857243,-111.3321
606,West 125th Street and 12th Avenue,Manhattan,3/9/2022,40.817883,-73.960327
607,West 125th Street at 400’ east of Frederick Douglass Boulevard,Manhattan,10/31/2016,39.190363,-96.549656
608,West 125th Street at 400’ west of Lenox Avenue,Manhattan,10/28/2016,40.753259,-74.003804
609,West 125th Street at 450’ west of 5th Avenue,Manhattan,10/28/2016,45.857243,-111.3321
610,West 125th Street with St Clair Place and West 129th Street ,Manhattan,2/18/2022,41.424641,-87.987464
611,West 155th Street with Edgecomb Avenue and HRD / St Nicholas Place,Manhattan,12/30/2015,39.190363,-96.549656
612,West 157th Street with Edward Morgan Place and Broadway,Manhattan,2/11/2022,41.424641,-87.987464
613,West 23rd Street between 5th Avenue and 6th Avenue (Mid-block),Manhattan,7/25/2013,39.190363,-96.549656
614,West 34th Street between 7th and 8th Avenues,Manhattan,3/12/2016,40.753853,-73.997409
615,West 34th Street between 8th Avenue and 9th Avenue (mid-block),Manhattan,2/7/2012,45.857243,-111.3321
616,"West 34th Street between Broadway, 6th and 7th Avenues",Manhattan,5/7/2016,40.753853,-73.997409
617,West 3rd Street at Wooster Street (1 Washington Square Village),Manhattan,1/30/2020,40.753259,-74.003804
618,West 42nd Street between 5th Avenue and 6th Avenue,Manhattan,3/10/2016,38.538898,-117.072502
619,West 42nd Street between 7th Avenue and 8th Avenue,Manhattan,5/2/2016,38.538898,-117.072502
620,West 42nd Street between 8th Avenue and 9th Avenue,Manhattan,5/9/2016,39.190363,-96.549656
621,West 53rd Street between 5th and 6th Avenues,Manhattan,10/3/2016,40.764461,-73.985428
622,West 57th Street between 6th Avenue and 5th Avenue (300' East of 6th Avenue) (mid-block),Manhattan,2/14/2020,45.857243,-111.3321
623,West 57th Street between 6th Avenue and 7th Avenue (Mid-block),Manhattan,6/23/2013,38.538898,-117.072502
624,West 57th Street between 8th Avenue and 9th Avenue (Mid-block),Manhattan,7/25/2013,38.538898,-117.072502
625,West End Avenue and Pedestrian Crossing (120’ north of West 67th Street),Manhattan,9/11/2017,40.753259,-74.003804
626,West End Avenue and Pedestrian Crossing (West 69th Street),Manhattan,9/11/2017,45.857243,-111.3321
627,West End Avenue and West 63rd Street,Manhattan,6/4/2019,40.774127,-73.988656
628,West End Avenue and West 64th Street ,Manhattan,5/22/2019,40.774747,-73.988173
629,West End Avenue and West 65th Street,Manhattan,3/26/2019,40.775385,-73.987698
630,West End Avenue and West 70th Street,Manhattan,4/11/2022,40.778482,-73.985447
631,West End Avenue and West 79th Street,Manhattan,2/24/2020,40.784351,-73.981165
632,West End Avenue and West 95th Street,Manhattan,6/18/2021,40.794577,-73.973701
633,West End Avenue and West 97th Street ,Manhattan,9/10/2019,40.795923,-73.972725
634,West Street and Horatio Street (mid-block),Manhattan,3/20/2019,40.738743,-74.009604
635,York Avenue and East 62nd Street,Manhattan,7/22/2012,40.721062,-74.00585
636,York Avenue and East 68th Street,Manhattan,10/25/2019,40.7643,-73.955615
637,York Avenue with FDR Drive Entrance/Exit Ramps and East 63rd Street,Manhattan,9/1/2019,38.538898,-117.072502
638,101st Avenue and 104th Street,Queens,6/22/2022,40.686229,-73.839063
639,101st Avenue and 110th Street,Queens,3/31/2022,40.687815,-73.833567
640,101st Avenue and 81st Street,Queens,7/6/2020,40.680878,-73.857915
641,101st Avenue at 112th Street,Queens,6/9/2020,40.688294,-73.831863
642,103rd Avenue and 98th Street,Queens,4/14/2021,40.683028,-73.842366
643,107th Avenue at 120th Street,Queens,6/24/2020,40.684637,-73.82235
644,108th Street and 63rd Drive,Queens,11/14/2019,40.733604,-73.849952
645,108th Street and Van Doren Street,Queens,3/26/2019,40.740188,-73.853343
646,109th Avenue and 122nd Street,Queens,5/12/2021,40.683008,-73.81954
647,109th Avenue and 133rd Street,Queens,4/17/2020,40.68603,-73.810865
648,109th Avenue with 130th Street and 129th Street,Queens,12/16/2020,40.754506,-73.858737
649,110th Avenue and Sutphin Boulevard,Queens,8/15/2016,40.69002,-73.796815
650,111th Avenue with 126th Street and Hawtree Creek Road,Queens,4/6/2022,40.759776,-73.817302
651,111th Street and 46th Avenue,Queens,1/15/2021,40.74816,-73.854034
652,137th Avenue and 172nd Street,Queens,4/7/2017,40.672927,-73.768517
653,145th Avenue and Springfield Boulevard,Queens,6/6/2018,40.664705,-73.758528
654,147th Avenue and 184th Street,Queens,12/7/2021,40.659733,-73.763858
655,150th Street and 15th Drive,Queens,7/14/2017,40.785572,-73.813617
656,188th Street and 186th Lane,Queens,3/19/2021,40.736143,-73.784547
657,20th Avenue and Whitestone Expressway (NorthBound Service Road),Queens,11/29/2018,38.633598,-83.438904
658,20th Avenue and Whitestone Expressway (Southbound Service Road),Queens,11/29/2018,38.856899,-80.136902
659,212th Street between 18th Avenue and 23rd Avenue) (mid-block),Queens,2/20/2020,38.856899,-80.136902
660,21st Avenue and 24th Street,Queens,4/20/2022,40.776612,-73.921522
661,21st Street and 21st Road,Queens,4/21/2020,40.767327,-73.929861
662,21st Street and 30th Avenue,Queens,1/26/2022,40.76989,-73.927813
663,21st Street and 31st Avenue,Queens,10/11/2019,40.767327,-73.929861
664,21st Street and 31st Drive,Queens,10/1/2019,40.766064,-73.930886
665,21st Street and 31st Road,Queens,7/12/2019,40.766677,-73.930384
666,21st Street and 34th Avenue,Queens,3/5/2020,40.762823,-73.93397
667,21st Street and 38th Avenue,Queens,10/10/2019,40.757491,-73.939078
668,21st Street and 40th Avenue,Queens,10/20/2021,40.755233,-73.941244
669,21st Street and 41st Avenue,Queens,8/17/2019,40.75399,-73.94243
670,21st Street with Astoria Boulevard and 27th Avenue,Queens,1/20/2022,38.856899,-80.136902
671,223rd Street and 103rd Avenue,Queens,11/25/2020,40.711486,-73.731505
672,24th Avenue and 33rd Street,Queens,9/14/2021,40.771522,-73.914315
673,25th Avenue and 81st Street,Queens,8/26/2021,40.762954,-73.887666
674,27th Avenue and 8th Street (Goodwill Industries),Queens,8/8/2006,27.61637,-80.41385
675,30th Avenue and 30th Street,Queens,1/30/2019,40.767292,-73.922235
676,30th Avenue and 70th Street,Queens,2/17/2022,40.760045,-73.897559
677,31st Avenue and 100th Street,Queens,10/15/2020,40.760998,-73.869157
678,31st Avenue and 68th Street,Queens,6/16/2022,40.757845,-73.899213
679,31st Avenue and 97th Street,Queens,11/24/2021,40.760694,-73.872067
680,31st Road and 138th Street,Queens,4/25/2020,40.770229,-73.830532
681,32nd Avenue and 55th Street,Queens,9/7/2021,40.755525,-73.906181
682,32nd Avenue with 93rd Street and Jackson Mill Road,Queens,5/14/2020,44.288555,-64.930618
683,35th Avenue with 70th Street and Leverich Street,Queens,5/7/2020,40.726615,-73.892422
684,36th Avenue and 13th Street,Queens,10/14/2020,40.760519,-73.938353
685,36th Avenue and 14th Street,Queens,3/31/2021,40.760203,-73.937484
686,36th Avenue and 23rd Street,Queens,11/21/2013,40.759078,-73.935068
687,37th Avenue and  78th Street,Queens,5/23/2018,40.74936,-73.888023
688,37th Avenue and 102nd Street,Queens,4/29/2022,40.752992,-73.865414
689,37th Avenue and 90th Street,Queens,6/28/2022,40.750525,-73.876877
690,38th Avenue and 28th Street,Queens,10/1/2021,40.755011,-73.934331
691,38th Avenue and 30th Street ,Queens,3/19/2020,40.754191,-73.932788
692,39th Avenue and 52nd Street,Queens,11/10/2021,40.748685,-73.911674
693,43rd Avenue at 97th Place,Queens,1/2/2020,40.746097,-73.866416
694,44th Drive and Hunter Street,Queens,3/9/2019,40.747455,-73.943784
695,45th Avenue and Union Street,Queens,10/28/2019,40.752935,-73.81978
696,47th Avenue and 33rd Street,Queens,3/18/2022,40.742645,-73.932103
697,47th Avenue and 35th Street,Queens,1/16/2022,40.742437,-73.930217
698,47th Street and 48th Avenue,Queens,3/20/2018,40.739202,-73.91853
699,48th Avenue and 211th Street,Queens,11/17/2019,40.754997,-73.770128
700,48th Avenue and 32nd Place,Queens,4/22/2022,40.740913,-73.933381
701,64th Avenue (East Leg) and 188th Street,Queens,8/18/2021,40.73925,-73.785608
702,64th Avenue (North Leg) and 188th Street,Queens,8/18/2021,40.73925,-73.785608
703,64th Avenue (South Leg) and 188th Street,Queens,8/10/2021,40.73925,-73.785608
704,64th Avenue (West Leg) and 188th Street,Queens,8/9/2021,40.73925,-73.785608
705,64th Avenue and 175th Street,Queens,4/15/2022,40.737998,-73.793984
706,69th Street and 49th Avenue,Queens,10/23/2020,40.737651,-73.895929
707,71st Avenue and Juno Street,Queens,12/4/2020,40.713953,-73.848717
708,80th Street and 68th Road,Queens,2/18/2022,40.710573,-73.870631
709,8th Street and Astoria Boulevard,Queens,8/19/2021,40.772715,-73.932679
710,92nd Street between 57th Avenue and 59th Avenue (mid-block),Queens,12/7/2020,44.288555,-64.930618
711,Archer Avenue and Parsons Boulevard,Queens,2/16/2017,40.702448,-73.79992
712,Astoria Boulevard (South) and 43rd Street,Queens,4/25/2022,40.768373,-73.908052
713,Astoria Boulevard and 38th Street,Queens,1/22/2022,40.769599,-73.911292
714,Astoria Boulevard and 94th Street,Queens,3/22/2022,40.762921,-73.875303
715,Atlantic Avenue and 102nd Street,Queens,6/15/2022,40.689946,-73.842852
716,Atlantic Avenue and 108th Street,Queens,6/17/2022,40.691435,-73.837575
717,Atlantic Avenue and 118th Street,Queens,3/21/2022,40.693913,-73.828908
718,Atlantic Avenue and 84th Street,Queens,11/21/2018,40.685797,-73.857412
719,Atlantic Avenue at 87th Street ,Queens,9/25/2020,40.686364,-73.854801
720,Austin Street and 69th Road,Queens,5/20/2022,40.721356,-73.848067
721,Austin Street and 70th Street,Queens,5/2/2020,40.720948,-73.846954
722,Austin Street with 71st Avenue and Continental Avenue,Queens,4/3/2017,40.759776,-73.817302
723,Beach 102nd Street and Rockaway Beach Blvd West Leg,Queens,9/22/2017,40.583831,-73.823009
724,Bell Boulevard and 47th Avenue,Queens,10/27/2021,40.756909,-73.767677
725,Booth Memorial Avenue and 160th Road,Queens,12/7/2019,40.742011,-73.808245
726,Borden Avenue and 25th Street,Queens,4/1/2021,40.739558,-73.945308
727,Bowne Street and Cherry Avenue,Queens,5/12/2022,40.755515,-73.8203
728,Broadway and Corona Avenue,Queens,5/6/2022,40.7394,-73.877906
729,Broadway and St James Avenue,Queens,2/22/2022,40.739937,-73.878485
730,Broadway between 49th Street and 51st Street (mid-block),Queens,3/16/2021,38.856899,-80.136902
731,Brookville Boulevard and 137th Road,Queens,3/24/2022,40.669253,-73.736387
732,Brookville Boulevard and Newhall Avenue,Queens,4/27/2022,40.659701,-73.74355
733,Clintonville Street and Locke Avenue,Queens,8/1/2014,40.784681,-73.809106
734,College Point Boulevard and Pople Avenue,Queens,10/19/2020,40.753025,-73.832542
735,Cooper Avenue and 64th Place,Queens,5/13/2022,40.698137,-73.891132
736,Corona Avenue and 94th Street,Queens,5/20/2016,40.742353,-73.869928
737,Corona Avenue with 108th Street and 53rd Avenue,Queens,6/19/2019,38.633598,-83.438904
738,Corona Avenue with 50th Avenue and 106th Street,Queens,2/18/2021,38.856899,-80.136902
739,Corona Avenue with Otis Avenue and 54th Avenue,Queens,6/24/2022,38.633598,-83.438904
740,Crescent Street and 30th Road,Queens,3/24/2020,40.767877,-73.925439
741,Cross Bay Boulevard and East 1st Road,Queens,1/14/2021,40.614901,-73.821555
742,Cross Bay Boulevard at Pitkin Avenue,Queens,1/5/2020,40.672173,-73.843091
743,Dry Harbor Road and Juniper Boulevard South,Queens,4/2/2021,40.720517,-73.873603
744,Dunkirk Street and Wood Street,Queens,5/5/2021,40.699494,-73.771618
745,Eliot Avenue and 72nd Street,Queens,12/7/2016,40.721647,-73.886439
746,Empire Avenue with Reads Lane and Balsam Court,Queens,10/22/2020,44.288555,-64.930618
747,Forest Avenue and Stephen Street,Queens,8/11/2021,40.700067,-73.899508
748,Francis Lewis Boulevard and 35th Avenue,Queens,7/16/2014,40.764227,-73.787967
749,Francis Lewis Boulevard and 46th Avenue,Queens,7/16/2020,40.754687,-73.781713
750,Fresh Pond Road and 60th Road,Queens,9/23/2021,40.716165,-73.90159
751,Grand Avenue and 47th Street,Queens,6/25/2021,40.716805,-73.921557
752,Grand Avenue and 74th Street,Queens,10/15/2020,40.730094,-73.88805
753,Grand Avenue with Haspel Street and Van Kleeck Street,Queens,5/6/2022,40.759776,-73.817302
754,Grand Central Parkway and 267th Street,Queens,3/15/2021,40.759776,-73.817302
755,Grand Central Parkway and 62nd Drive,Queens,4/28/2020,40.737103,-73.846073
756,Grand Central Parkway E/B SR with McLaughlin Avenue and 188th Street,Queens,12/15/2021,38.633598,-83.438904
757,Greenpoint Avenue with 48th Avenue and 41st Street,Queens,6/29/2022,38.633598,-83.438904
758,Guy R Brewer Boulevard and 150th Avenue,Queens,5/24/2021,40.657067,-73.767456
759,Guy R Brewer Boulevard and JHS 72 (mid-block),Queens,8/24/2020,40.703951,-73.796548
760,Harper Street and Marina Road,Queens,5/10/2018,44.288555,-64.930618
761,Hempstead Avenue and 218th Street,Queens,6/4/2021,40.713977,-73.73809
762,Hempstead Avenue and 221st Street,Queens,10/7/2016,40.712533,-73.73289
763,Hillside Avenue and 143rd Street,Queens,1/31/2022,40.704935,-73.812797
764,Hillside Avenue and 153rd Street,Queens,1/24/2022,40.707191,-73.804492
765,Hillside Avenue and 161st Street,Queens,1/20/2022,40.708162,-73.801059
766,Hillside Avenue and 164th Street East Leg,Queens,10/28/2020,40.708853,-73.799
767,Hillside Avenue and 175th Street ,Queens,8/9/2019,40.711771,-73.787832
768,Hillside Avenue and 178th Street/Edgerton Boulevard,Queens,2/8/2017,38.856899,-80.136902
769,Hillside Avenue and 183rd Street,Queens,5/19/2021,40.713885,-73.778893
770,Hillside Avenue and 199th Street,Queens,2/6/2017,40.719237,-73.763564
771,Hillside Avenue and 205th Street,Queens,1/5/2022,40.72066,-73.760298
772,Hillside Avenue and 233rd Street,Queens,11/6/2020,40.733429,-73.737084
773,Hillside Avenue and 256th Street,Queens,8/2/2011,44.039577,-64.731819
774,Hillside Avenue and 267th Street,Queens,2/4/2021,44.039577,-64.731819
775,Hillside Avenue and Cross Island YMCA (170' West of 239th Street) (mid-block),Queens,5/26/2020,39.390897,-99.066067
776,Hillside Avenue and Springfield Boulevard,Queens,1/7/2022,40.729856,-73.744733
777,Hillside Avenue with 187th Street and Chelsea Street,Queens,10/6/2021,40.716969,-73.777615
778,Hillside Avenue with Babbage Street and 118th Street ,Queens,2/16/2021,40.702683,-73.836834
779,Hillside Avenue with Merrick Boulevard and 166th Street,Queens,12/2/2016,38.856899,-80.136902
780,Hobart Street and 30th Avenue ,Queens,12/18/2019,40.759837,-73.906332
781,Hollis Avenue and 190th Street,Queens,2/27/2020,40.709812,-73.768741
782,Hollis Court Boulevard with 189th Street and 46th Road,Queens,6/16/2021,38.633598,-83.438904
783,Horace Harding Expressway Eastbound and Cloverdale Boulevard ,Queens,12/10/2019,40.750318,-73.751147
784,Horace Harding Expressway Service Road North and 92nd Street ,Queens,12/7/2019,38.856899,-80.136902
785,Horace Harding Expressway Westbound and Fresh Meadow Lane ,Queens,12/10/2019,40.738082,-73.795789
786,Horace Harding Expressway Westbound Service Road and Cloverdale Boulevard ,Queens,12/10/2019,44.288555,-64.930618
787,Horace Harding Expressway Westbound Service Road at Corona Avenue,Queens,1/10/2020,44.288555,-64.930618
788,Horace Harding Parkway Service Road Eastbound at Grand Central Parkway Service Road West,Queens,1/10/2020,38.856899,-80.136902
789,Hunters Point Avenue and 31st Place,Queens,6/25/2022,40.740071,-73.935443
790,Hunters Point Avenue and 32nd Place,Queens,12/22/2020,40.739276,-73.933731
791,Jackson Avenue and 21st Street ,Queens,6/30/2019,40.744684,-73.948508
792,Jamaica Avenue and 175th Street,Queens,7/8/2019,40.707996,-73.785656
793,Jamaica Avenue and 189th Stret,Queens,3/24/2020,40.716375,-73.744007
794,Jamaica Avenue and 190th Street,Queens,11/6/2019,40.711832,-73.769651
795,Jamaica Avenue and 196th Street,Queens,10/30/2015,40.71336,-73.764017
796,Jamaica Avenue and 207th Street,Queens,8/12/2019,40.714142,-73.75311
797,Jamaica Avenue and 222nd Street,Queens,10/2/2019,40.720325,-73.732393
798,Jamaica Avenue and 224th Street,Queens,2/3/2020,40.72156,-73.730994
799,Jamaica Avenue and Springfield Boulevard,Queens,10/11/2016,40.718561,-73.735276
800,Jamaica Avenue at 181st Street,Queens,6/8/2020,40.708642,-73.779704
801,Jamaica Avenue with 143rd Street and 144th Street ,Queens,8/26/2019,38.856899,-80.136902
802,Jamaica Avenue with Woodhull Avenue and 188th Street,Queens,11/13/2019,40.759776,-73.817302
803,Juniper Boulevard South and 74th Street,Queens,2/8/2022,40.71831,-73.882633
804,Kissena Boulevard and Elder Avenue,Queens,11/29/2016,40.753173,-73.821943
805,Kissena Boulevard and Sanford Avenue,Queens,11/28/2016,40.757144,-73.827093
806,Laurelton Parkway and 133rd Avenue,Queens,1/10/2022,40.675457,-73.733877
807,Liberty Avenue and 102nd Street,Queens,6/30/2021,40.681449,-73.838656
808,Liberty Avenue and 127th Street ,Queens,7/23/2021,40.688782,-73.817635
809,Liberty Avenue and 80th Street S/B,Queens,6/14/2021,40.679451,-73.857792
810,Liberty Avenue at 148th Street,Queens,6/1/2020,40.697017,-73.803613
811,Linden Boulevard and 115th Street,Queens,7/15/2021,40.677799,-73.823841
812,Linden Boulevard and 118th Street,Queens,4/28/2022,40.678504,-73.821366
813,Linden Boulevard and 128th Street,Queens,1/7/2021,40.681005,-73.812574
814,Linden Boulevard with Lincoln Street and 134th Street,Queens,2/7/2022,44.288555,-64.930618
815,Little Neck Parkway and 254th Street,Queens,2/18/2022,40.754541,-73.723199
816,Little Neck Parkway and 86th Avenue,Queens,8/2/2011,40.732487,-73.711548
817,Long Island Expressway North Service Road at 99th Street,Queens,1/13/2020,44.288555,-64.930618
818,Main Street and 41st Road,Queens,12/5/2016,40.757506,-73.829165
819,Main Street and 58th Road,Queens,12/3/2020,40.744578,-73.825811
820,Main Street and Northern Boulevard,Queens,11/23/2016,40.762823,-73.831888
821,Main Street and Pedestrian Crossing between 63rd Avenue & Gravett Road (mid-block),Queens,2/25/2019,40.759776,-73.817302
822,Marathon Parkway and 57th Avenue,Queens,5/2/2012,40.759625,-73.731389
823,Maurice Avenue and 66th Street,Queens,5/16/2020,40.735147,-73.899017
824,Maurice Avenue and 68th Street,Queens,2/24/2021,40.735087,-73.896922
825,Merrick Boulevard and 108th Avenue,Queens,7/26/2021,40.698335,-73.787054
826,Merrick Boulevard and 109th Avenue,Queens,10/14/2020,40.697001,-73.784208
827,Merrick Boulevard and 231st Street,Queens,9/26/2014,40.675545,-73.738603
828,Metropolitan Avenue and 55th Street,Queens,6/30/2021,40.713012,-73.908009
829,Metropolitan Avenue and Aubrey Avenue,Queens,11/1/2021,40.712011,-73.860843
830,Myrtle Avenue and 82nd Street,Queens,10/30/2015,40.703116,-73.866525
831,North Conduit Avenue and 230th Place,Queens,7/16/2021,40.666409,-73.745395
832,Northern Boulevard and 103rd Street,Queens,8/7/2019,40.757583,-73.86567
833,Northern Boulevard and 110th Street ,Queens,5/14/2019,40.757906,-73.859936
834,Northern Boulevard and 112th Street,Queens,11/6/2018,40.758052,-73.85779
835,Northern Boulevard and 157th Street,Queens,2/9/2021,40.763752,-73.808239
836,Northern Boulevard and 196th Street,Queens,1/13/2021,40.757904,-73.785661
837,Northern Boulevard and 220th Place,Queens,12/20/2021,40.761592,-73.761105
838,Northern Boulevard and 33rd Street,Queens,2/17/2017,40.752043,-73.931245
839,Northern Boulevard and 61st Street,Queens,4/3/2020,40.753953,-73.901234
840,Northern Boulevard and 78th Street,Queens,3/23/2020,40.755126,-73.889085
841,Northern Boulevard and 89th Street,Queens,8/5/2019,40.756188,-73.878844
842,Northern Boulevard and 90th Street               ,Queens,4/25/2018,40.756279,-73.877914
843,Northern Boulevard and 99th Street,Queens,8/10/2020,40.757177,-73.869494
844,Northern Boulevard and Alley Pond Environmental Center (750’ East of Cross Island NB),Queens,8/30/2018,35.21312,-80.72556
845,Northern Boulevard and Sanford Avenue,Queens,6/17/2022,40.759994,-73.801003
846,Northern Boulevard at 104th Street,Queens,6/1/2020,40.757655,-73.864613
847,Northern Boulevard at 155th Street,Queens,6/9/2020,40.764417,-73.810046
848,Northern Boulevard at 167th Street,Queens,6/8/2020,40.759441,-73.799398
849,Northern Boulevard at 211th Street,Queens,3/20/2014,40.759665,-73.771805
850,Northern Boulevard at 79th Street ,Queens,3/30/2020,40.75522,-73.888147
851,Northern Boulevard at 93rd Street,Queens,6/3/2020,40.756577,-73.875127
852,Northern Boulevard with Roosevelt Avenue and 156th Street,Queens,11/1/2016,38.633598,-83.438904
853,Park Drive East at 136th Street,Queens,1/16/2020,40.729903,-73.833091
854,Parsons Boulevard at Franklin Avenue,Queens,9/24/2020,40.758495,-73.820081
855,Queens Boulevard (eastbound) and Woodhaven Boulevard,Queens,4/23/2012,40.681466,-73.844939
856,Queens Boulevard (westbound) and Woodhaven Boulevard,Queens,3/14/2012,40.712944,-73.827464
857,Queens Boulevard and 32nd Place,Queens,7/21/2020,40.744623,-73.932642
858,Queens Boulevard and 35th Street,Queens,4/18/2020,40.744302,-73.929852
859,Queens Boulevard and 36th Street,Queens,8/10/2021,40.744194,-73.928927
860,Queens Boulevard and 37th Street ,Queens,5/2/2019,40.744083,-73.928007
861,Queens Boulevard and 39th Street ,Queens,5/3/2019,40.743872,-73.926193
862,Queens Boulevard and 40th Street,Queens,3/24/2022,40.74396,-73.924232
863,Queens Boulevard and 41st Street ,Queens,5/11/2019,40.743856,-73.923301
864,Queens Boulevard and 42nd Street,Queens,2/26/2019,40.743749,-73.922366
865,Queens Boulevard and 43rd Street,Queens,1/15/2020,40.743644,-73.921447
866,Queens Boulevard and 45th Street,Queens,1/10/2020,40.743429,-73.919594
867,Queens Boulevard and 58th Street,Queens,1/20/2014,40.741668,-73.90756
868,Queens Boulevard and 66th Street (BQE East Bound Entrance),Queens,4/10/2022,45.19694,-67.26793
869,Queens Boulevard and Queens Borough Hall,Queens,10/31/2015,40.73421,-73.87363
870,Queens Boulevard at 38th Street,Queens,1/7/2020,40.743977,-73.927079
871,Queens Boulevard at 39th Place,Queens,10/22/2019,40.744065,-73.925162
872,Queens Boulevard between 72nd and 73rd Streets,Queens,11/10/2016,40.759776,-73.817302
873,Queens Boulevard EB SR and Union Turnpike SB SR,Queens,9/25/2021,40.71424,-73.830593
874,Queens Boulevard with 57th Avenue and Hoffman Drive,Queens,1/19/2022,40.759776,-73.817302
875,Queens Boulevard with 64th Avenue and 64th Road,Queens,3/30/2021,44.288555,-64.930618
876,Queens Boulevard with 68th Street and BQE Eastbound Entrance,Queens,3/3/2022,38.856899,-80.136902
877,Queens Boulevard with 71st Avenue and 108th Street,Queens,3/7/2020,40.747304,-73.939306
878,Queens Plaza North and 28th Street,Queens,8/13/2019,40.750269,-73.938645
879,Review Avenue and 37th Street,Queens,8/13/2020,40.733769,-73.937432
880,Rockaway Beach Boulevard and Beach 110th Street,Queens,6/14/2022,40.581238,-73.832046
881,Rockaway Boulevard and 110th Street,Queens,5/9/2019,40.677705,-73.828845
882,Rockaway Boulevard and 123rd Street ,Queens,8/6/2019,40.675543,-73.814477
883,Rockaway Boulevard and 135th Street,Queens,11/3/2021,40.674534,-73.803223
884,Rockaway Boulevard and 140th Street,Queens,4/7/2021,40.674284,-73.800624
885,Rockaway Boulevard and 142nd Street,Queens,10/7/2019,40.674127,-73.798908
886,Rockaway Boulevard and 98th Street ,Queens,8/13/2019,40.680159,-73.840934
887,Rockaway Boulevard at 130th Street,Queens,1/14/2020,40.674995,-73.808542
888,Rockaway Boulevard at 81st Street,Queens,6/20/2020,40.684489,-73.859676
889,Rockaway Boulevard with 101st Avenue and 88th Street,Queens,10/8/2019,38.856899,-80.136902
890,Rockaway Boulevard with 131st Street and Lincoln Street,Queens,4/9/2021,38.856899,-80.136902
891,Rockaway Boulevard with 132nd Street and 120th Avenue,Queens,8/17/2020,44.288555,-64.930618
892,Rockaway Boulevard with 84th Street and Digby Place,Queens,4/11/2019,38.633598,-83.438904
893,Rockaway Boulevard with 85th Street and 97th Avenue,Queens,6/14/2022,40.759776,-73.817302
894,Rockaway Boulevard with Foch Boulevard and 126th Street,Queens,1/5/2020,40.675302,-73.811762
895,Roosevelt Avenue and 55th Street,Queens,5/4/2021,40.744938,-73.909606
896,Roosevelt Avenue and 57th Street,Queens,3/5/2021,40.745296,-73.907505
897,Roosevelt Avenue and 77th Street,Queens,5/16/2022,40.747134,-73.888684
898,Roosevelt Avenue and 78th Street,Queens,5/25/2022,40.747227,-73.887776
899,Roosevelt Avenue and 98th Street,Queens,6/7/2021,40.749359,-73.86751
900,Roosevelt Avenue and Bowne Street,Queens,5/12/2021,40.760993,-73.824434
901,"Roosevelt Avenue with Elmhurst Avenue, Case Street and 90th Street",Queens,4/8/2022,38.633598,-83.438904
902,Roosevelt Avenue with Woodside Avenue and 59th Avenue,Queens,4/26/2021,40.759776,-73.817302
903,Sayres Avenue with 111th Avenue and 177th Street,Queens,5/7/2021,38.633598,-83.438904
904,Seneca Avenue and Cornelia Street,Queens,7/25/2014,40.701049,-73.90474
905,Seneca Avenue and Stephen Street,Queens,4/6/2021,40.698735,-73.900802
906,Skillman Avenue and 54th Street,Queens,10/8/2019,40.745568,-73.909945
907,Springfield Boulevard at Amboy Lane,Queens,6/13/2020,40.717931,-73.735364
908,Steinway Street and  440' north of 31st Avenue (midblock crossing),Queens,5/22/2018,38.856899,-80.136902
909,Steinway Street between 34th Avenue and Broadway (midblock),Queens,7/26/2018,40.760848,-73.922992
910,Steinway Street between Broadway and 31st Avenue (midblock),Queens,6/30/2018,40.761317,-73.917088
911,Sutphin Boulevard and Archer Avenue,Queens,3/13/2017,40.70058,-73.807717
912,Thomson Avenue and 31st Place (mid-block),Queens,5/27/2020,40.744959,-73.9354
913,Union Street at 26th Avenue,Queens,7/21/2020,40.774511,-73.82627
914,Union Turnpike and Francis Lewis Boulevard,Queens,3/7/2017,40.73175,-73.769978
915,Union Turnpike and Springfield Boulevard,Queens,10/27/2016,40.735738,-73.746521
916,Union Turnpike and Utopia Parkway,Queens,10/16/2019,40.725725,-73.791771
917,Utopia Parkway and 75th Avenue,Queens,5/3/2022,40.728456,-73.792797
918,Utopia Parkway and 76th Avenue,Queens,4/14/2021,40.727161,-73.792362
919,Vernon Boulevard and 40th Avenue,Queens,11/30/2016,40.757799,-73.945806
920,Whitney Avenue and Denman Street,Queens,8/26/2020,40.746671,-73.874906
921,Woodhaven Boulevard (NB) and Long Island Epressway entrance ramp,Queens,3/14/2012,44.288555,-64.930618
922,Woodhaven Boulevard and 64th Road,Queens,9/25/2019,40.721523,-73.866493
923,Woodhaven Boulevard and 66th Avenue,Queens,7/3/2019,40.71831,-73.863481
924,Woodhaven Boulevard and 86th Drive (East Leg),Queens,10/23/2018,40.694137,-73.852149
925,Woodhaven Boulevard and 86th Drive (West Leg),Queens,10/23/2018,40.694137,-73.852149
926,Woodhaven Boulevard and Forest Park Drive,Queens,3/30/2017,40.700648,-73.854484
927,Woodhaven Boulevard and Metropolitan Avenue,Queens,9/25/2019,40.711862,-73.859865
928,Woodhaven Boulevard at Park Lane South,Queens,1/14/2020,40.697577,-73.852633
929,Woodhaven Boulevard East Service Road and 180’ South of Jamaica Avenue,Queens,10/23/2018,38.856899,-80.136902
930,Woodhaven Boulevard West Service Road and 147’ South of Jamaica Avenue,Queens,10/23/2018,44.288555,-64.930618
931,Woodhaven Boulevard with Penelope Avenue and 63rd Drive,Queens,3/20/2020,38.856899,-80.136902
932,Yellowstone Boulevard and 63rd Avenue,Queens,11/20/2020,40.734314,-73.852902
933,Yellowstone Boulevard and Austin Street ,Queens,12/6/2019,40.722575,-73.851353
934,Yellowstone Boulevard and Groton Street,Queens,7/13/2020,40.719028,-73.856158
935,Yellowstone Boulevard and Queens Boulevard,Queens,10/31/2018,40.722968,-73.847298
936,Amboy Road at Poillon Avenue,Staten Island,6/8/2020,40.535525,-74.178868
937,Amboy Road with Ridgecrest Avenue and Putnam Street,Staten Island,5/27/2022,40.643498,-74.076203
938,Arden Avenue and Forest Green,Staten Island,5/16/2022,40.556012,-74.194746
939,Bay Street and New Lane,Staten Island,6/21/2022,40.61185,-74.064458
940,Bay Street and Townsend Avenue,Staten Island,8/24/2021,40.621458,-74.07175
941,Bay Street with Front Street and Edgewater Street,Staten Island,6/13/2022,40.643498,-74.076203
942,Brielle Avenue and Bradley Avenue,Staten Island,6/6/2022,40.598856,-74.130826
943,Brielle Avenue and Gansevoort Boulevard (Wagner High School),Staten Island,5/25/2006,40.598145,-74.12546
944,Brielle Avenue and Suffolk Avenue,Staten Island,5/18/2022,40.59833,-74.127152
945,Castleton Avenue and Bard Avenue,Staten Island,7/21/2007,40.634709,-74.106546
946,Castleton Avenue and Brighton Avenue (S.I. Center for Independent Living),Staten Island,1/19/2006,40.63457,-74.11721
947,Castleton Avenue and Conyingham Avenue,Staten Island,2/16/2022,40.634663,-74.102531
948,Clarke Avenue and Kensico Street,Staten Island,5/16/2022,40.567722,-74.139777
949,Clove Road and Clove Lake Place,Staten Island,10/24/2016,40.626214,-74.119633
950,Forest Avenue and Bement Avenue,Staten Island,12/10/2019,40.629682,-74.111225
951,Forest Avenue and Davis Avenue,Staten Island,8/30/2019,40.63025,-74.108122
952,Forest Avenue and Harbor Road,Staten Island,5/18/2022,40.626501,-74.160484
953,Forest Avenue and North Mada Avenue,Staten Island,10/18/2021,40.630462,-74.106914
954,Forest Avenue and Sanders Street ,Staten Island,2/6/2019,40.625367,-74.151374
955,Foster Road and Ramona Avenue,Staten Island,5/16/2022,40.536498,-74.205
956,Howard Avenue and Hillside Avenue,Staten Island,9/24/2014,40.61758,-74.094072
957,Hylan Boulevard and Bedford Avenue,Staten Island,10/9/2020,40.578628,-74.101683
958,Hylan Boulevard and Huegenot Avenue,Staten Island,3/13/2019,40.524033,-74.186117
959,Hylan Boulevard and Page Avenue,Staten Island,3/10/2020,40.507729,-74.230063
960,Hylan Boulevard and West Fingerboard Road,Staten Island,5/19/2021,40.598958,-74.072269
961,Hylan Boulevard and Yetman Avenue,Staten Island,3/10/2020,40.504834,-74.241635
962,Hylan Boulevard at Arbutus Avenue,Staten Island,1/5/2020,40.526125,-74.180332
963,Hylan Boulevard at Tysens Lane,Staten Island,10/22/2019,40.563873,-74.116287
964,Hylan Boulevard with Ebbitts Street and Allison Avenue,Staten Island,6/4/2021,40.643498,-74.076203
965,Hylan Boulevard with Wendy Drive and St. Joseph’s High School ,Staten Island,5/31/2019,40.52668,-74.17837
966,Innis Street and Trantor Place,Staten Island,10/23/2019,40.633793,-74.142783
967,New Dorp Lane (mid-block) between Hylan Boulevard and Mill Road,Staten Island,10/19/2018,40.643498,-74.076203
968,North Railroad Avenue and Fremont Avenue ,Staten Island,12/11/2019,40.579113,-74.109825
969,Post Avenue and Decker Avenue,Staten Island,6/4/2022,40.632132,-74.132841
970,Richmond Avenue and Monsey Place,Staten Island,10/7/2020,40.6242,-74.149057
971,Richmond Avenue and Wilson Avenue ,Staten Island,5/18/2022,40.545399,-74.16573
972,Richmond Road with Todt Hill Road and Greeley Avenue,Staten Island,5/3/2022,40.580309,-74.113673
973,Richmond Terrace and Alaska Street,Staten Island,9/21/2021,40.639186,-74.12182
974,Richmond Terrace and Sharpe Avenue,Staten Island,5/18/2015,40.640231,-74.136651
975,Richmond Terrace and St Peters Place,Staten Island,6/29/2022,40.648194,-74.084518
976,Rockland Avenue and Brielle Avenue,Staten Island,5/27/2022,40.589024,-74.138671
977,South Avenue and Lois Lane,Staten Island,6/23/2022,40.612198,-74.175517
978,South Railroad Avenue and Fremont Avenue ,Staten Island,12/11/2019,40.578922,-74.109405
979,Targee Street and Naples Street (235’ North of Venice Street),Staten Island,5/7/2015,40.643498,-74.076203
980,Tompkins Avenue and Clifton Avenue,Staten Island,3/2/2022,40.612738,-74.0714
981,Tompkins Avenue and Hill Street,Staten Island,10/19/2015,40.622006,-74.078268
982,Vanderbilt Avenue and Targee Street,Staten Island,1/2/2019,40.615176,-74.084672
983,Victory Boulevard and Cebra Avenue ,Staten Island,6/10/2022,40.633969,-74.085753
984,Victory Boulevard and Clove Road ,Staten Island,5/1/2018,40.616419,-74.103515
985,Victory Boulevard and Eddy Street,Staten Island,9/4/2014,40.626544,-74.09159
986,Victory Boulevard and Royal Oak Road,Staten Island,2/24/2022,40.613742,-74.114142
987,Woodrow Road with Billings Street and Tynan Street,Staten Island,5/5/2020,40.5619,-74.181958
988,3rd Avenue and East 138th Street,the Bronx,10/18/2019,40.811087,-73.927295
989,3rd Avenue and East 168th Street ,the Bronx,10/5/2020,40.831062,-73.905841
990,3rd Avenue and East 178th Street,the Bronx,7/19/2019,40.8478,-73.895613
991,3rd Avenue between East 169th Street and East 170th Street (mid-block) ,the Bronx,12/11/2018,47.102729,-122.306086
992,Alexander Avenue and East 137th Street,the Bronx,11/12/2019,40.80937,-73.925625
993,Alexander Avenue between East 135th Street and East 137th Street (mid-block),the Bronx,3/25/2020,40.80937,-73.925625
994,Arthur Avenue and East 176th Street,the Bronx,3/14/2020,40.844698,-73.893976
995,Astor Avenue and Colden Avenue,the Bronx,10/7/2015,40.859677,-73.859797
996,Bailey Avenue and West 234th Street and Bailey Place,the Bronx,10/14/2015,40.880495,-73.900673
997,Bartow Avenue and Baychester Avenue,the Bronx,11/22/2019,40.868878,-73.831714
998,Bartow Avenue and Co-Op City Boulevard and Bay Plaza Boulevard,the Bronx,10/8/2015,40.869442,-73.826253
999,Baychester Avenue and 200’ South of Donizetti Place (mid-block),the Bronx,12/26/2018,40.876029,-73.83378
1000,Baychester Avenue and Donizetti Place,the Bronx,6/3/2022,40.876029,-73.83378
1001,Baychester Avenue with Tillotson Avenue and Rombouts Avenue,the Bronx,9/9/2021,40.881985,-73.828686
1002,Boston Road and Bivona Street ,the Bronx,7/3/2019,40.884121,-73.833593
1003,Boston Road and Boller Avenue (South Leg),the Bronx,4/14/2021,40.882055,-73.836568
1004,Boston Road and East 212th Street/Pearsall Avenue,the Bronx,10/30/2015,40.874456,-73.852143
1005,Boston Road and Edson Avenue,the Bronx,3/30/2021,40.880931,-73.839653
1006,Boston Road and Secor Avenue,the Bronx,11/15/2019,40.884548,-73.832325
1007,Boston Road and Waring Avenue,the Bronx,3/25/2021,40.861339,-73.866732
1008,Boston Road with Dyre Avenue and Steenwick Avenue,the Bronx,3/19/2021,40.884712,-73.831298
1009,Broadway and Mosholu Avenue,the Bronx,2/18/2022,40.904488,-73.896422
1010,Broadway and Van Cortlandt Park  (580' South of 251st Street),the Bronx,1/1/2017,40.89904,-73.89721
1011,Broadway and West 232nd Street,the Bronx,4/7/2022,40.8801,-73.903818
1012,Broadway with West 240th Street and Van Cortlandt Park South,the Bronx,2/4/2022,40.886548,-73.899872
1013,Bronx and Pelham Parkway South Eastbound at Seymour Avenue,the Bronx,1/9/2020,38.136783,-92.673698
1014,Bronxwood Avenue and 221st Street,the Bronx,10/11/2017,40.883162,-73.856278
1015,Bronxwood Avenue and East 213th Street,the Bronx,9/15/2017,40.87772,-73.859282
1016,Bronxwood Avenue and East 219th Street,the Bronx,2/3/2010,40.881746,-73.85706
1017,Bronxwood Avenue and East 220th Street,the Bronx,2/3/2010,40.882449,-73.856673
1018,Bronxwood Avenue and East 230th Street ,the Bronx,3/10/2022,40.889504,-73.852764
1019,Brook Avenue and East 163rd Street,the Bronx,9/23/2021,40.824846,-73.911265
1020,Bruckner Boulevard North Westbound and Boynton Avenue,the Bronx,3/18/2022,40.823603,-73.877061
1021,Burke Avenue and Yates Avenue,the Bronx,1/18/2017,40.871212,-73.854562
1022,City Island Avenue and Bowne Street,the Bronx,2/26/2020,40.850852,-73.788245
1023,Co-Op City Boulevard and 550’ North of Bellamy Loop North (mid-block) ,the Bronx,12/4/2019,40.873152,-73.826443
1024,Co-Op City Boulevard and Carver Loop East,the Bronx,10/9/2015,40.878512,-73.82648
1025,Co-Op City Boulevard and Rombouts Avenue and Carver Loop West,the Bronx,10/13/2015,40.879491,-73.827141
1026,Crosby Avenue and Coddington Avenue,the Bronx,3/12/2020,40.840615,-73.82968
1027,Cross Bronx Expressway Southbound Service Road and Entrance to Bronx River Parkway Northbound,the Bronx,6/11/2022,40.835959,-73.873481
1028,Crotona Avenue between East 181st and East 182nd Streets,the Bronx,9/21/2017,41.28944,-87.297899
1029,East 156th Street and Union Avenue,the Bronx,1/14/2022,40.817582,-73.903585
1030,East 161st Street and Grant Avenue (mid-block),the Bronx,4/2/2019,40.823343,-73.911178
1031,East 161st Street and Pedestrian Crossing (400’ West of River Avenue) (mid-block),the Bronx,3/8/2019,40.827827,-73.925933
1032,East 163rd Street and Eagle Avenue,the Bronx,3/29/2022,40.823818,-73.907748
1033,East 163rd Street and Rogers Place,the Bronx,3/2/2014,40.821007,-73.897881
1034,East 163rd Street between Trinity Avenue and Tinton Avenue (mid-block) ,the Bronx,12/11/2018,40.822719,-73.903157
1035,East 167th Street and Kelly Street,the Bronx,5/18/2021,40.825995,-73.895851
1036,East 170th Street and 150’ West of Grand Concourse ,the Bronx,4/29/2019,40.838741,-73.913535
1037,East 174th Street and Morrison Avenue,the Bronx,8/30/2021,40.834011,-73.875662
1038,East 174th Street and Stratford Avenue,the Bronx,4/18/2020,40.83388,-73.876585
1039,East 175th Street and Townsend Avenue,the Bronx,9/17/2019,40.847323,-73.911468
1040,East 183rd Street at Creston Avenue,the Bronx,1/8/2020,40.857759,-73.900937
1041,East 189th Street and Park Avenue,the Bronx,6/18/2022,40.859996,-73.891124
1042,East 233rd Street and Carpenter Avenue,the Bronx,3/28/2017,40.89427,-73.860279
1043,East Fordham Road and 3rd Avenue,the Bronx,6/18/2022,40.861055,-73.890318
1044,East Fordham Road and Bathgate Avenue,the Bronx,1/29/2019,40.859605,-73.887248
1045,East Gun Hill Road and Arnow Avenue,the Bronx,11/22/2021,40.866535,-73.838674
1046,East Gun Hill Road and Fish Avenue,the Bronx,6/15/2022,40.87103,-73.8473
1047,East Gun Hill Road and Gunther Avenue,the Bronx,7/20/2018,40.865134,-73.836004
1048,East Gun Hill Road and Kings College Place,the Bronx,6/25/2019,40.879867,-73.875953
1049,East Gun Hill Road and Putnam Place,the Bronx,10/29/2021,40.879579,-73.875365
1050,East Gun Hill Road with Holland Avenue and Tilden Street,the Bronx,1/9/2020,40.876678,-73.864214
1051,East Gun Hill Road with Perry Ave and Reservoir Place,the Bronx,4/18/2019,40.879097,-73.874375
1052,East Gun Hill Road with Seymour Avenue and Sexton Place,the Bronx,5/7/2022,40.870556,-73.846401
1053,East Tremont Avenue and Coddington Avenue,the Bronx,6/18/2022,40.838108,-73.834996
1054,East Tremont Avenue and Creston Avenue,the Bronx,9/3/2019,40.850393,-73.906986
1055,East Tremont Avenue and Dudley Avenue,the Bronx,5/14/2022,40.83917,-73.836272
1056,East Tremont Avenue and Jerome Avenue,the Bronx,1/3/2019,40.851807,-73.909209
1057,East Tremont Avenue and Lehman High School (mid-block) ,the Bronx,12/7/2018,39.390897,-99.066067
1058,East Tremont Avenue at Purdy Street,the Bronx,7/29/2020,40.842212,-73.855164
1059,East Tremont Avenue with Hutchinson River Parkway and Ericson Place,the Bronx,1/18/2017,40.84348,-73.836771
1060,Eastchester Road and Jarrett Place,the Bronx,10/14/2020,40.844974,-73.84555
1061,Eastchester Road and Waters Place,the Bronx,6/29/2022,40.846364,-73.844612
1062,Edward L Grant Highway and Shakespeare Avenue,the Bronx,9/9/2021,40.841096,-73.921923
1063,Edward L Grant Highway and West 170th Avenue,the Bronx,2/5/2021,40.840291,-73.921406
1064,Edward L Grant Hwy and West 169 Street,the Bronx,8/18/2016,40.83845,-73.921855
1065,Ft. Independence Street and Heath Avenue,the Bronx,3/18/2022,40.878786,-73.899479
1066,Goulden Avenue and Lehman College High School,the Bronx,6/26/2013,39.390897,-99.066067
1067,Grand Concourse and East 193rd Street,the Bronx,5/16/2022,40.865438,-73.895097
1068,Grand Concourse and Fordham Road,the Bronx,7/19/2012,40.862446,-73.89691
1069,Independence Avenue and West 235th Street,the Bronx,3/2/2022,40.886394,-73.913966
1070,Independence Avenue and West 239th Street,the Bronx,5/5/2022,40.889749,-73.91291
1071,Jerome Avenue and Buchanan Place ,the Bronx,8/9/2019,40.857712,-73.904294
1072,Jerome Avenue and East 169th Street,the Bronx,11/21/2019,40.837426,-73.920382
1073,Jerome Avenue and East 183rd Street ,the Bronx,9/1/2019,40.858709,-73.903686
1074,Jerome Avenue and Goble Place,the Bronx,4/24/2021,40.843378,-73.915454
1075,Jerome Avenue and Shakespeare Avenue,the Bronx,6/26/2022,40.834838,-73.924161
1076,Jerome Avenue and West 177th Street ,the Bronx,12/1/2019,40.850025,-73.910704
1077,Jerome Avenue and West 195th Street,the Bronx,4/16/2019,40.868583,-73.896535
1078,Jerome Avenue between East 208th Street and East Gun Hill Road (mid-block),the Bronx,2/21/2019,40.88271,-73.881231
1079,Jerome Avenue with Mosholu East and West Parkway,the Bronx,6/22/2021,40.869147,-73.880361
1080,Kappock Street and Netherland Avenue,the Bronx,5/2/2007,40.87887,-73.91677
1081,Laconia Avenue and East 215 Street,the Bronx,8/21/2019,40.877471,-73.853741
1082,Lafayette Avenue and Thieriot Avenue,the Bronx,11/17/2021,40.821559,-73.862046
1083,Lafayette Avenue and Underhill Avenue,the Bronx,4/23/2021,40.821816,-73.860213
1084,Longwood Avenue and Hewitt Place,the Bronx,12/6/2021,40.818626,-73.900012
1085,Mace Avenue and Colden Avenue,the Bronx,6/13/2014,40.863071,-73.859711
1086,Manhattan College Parkway and Waldo Avenue,the Bronx,11/22/2019,40.890979,-73.902408
1087,Morris Avenue and East 171st Street,the Bronx,2/8/2022,40.839007,-73.910708
1088,Morris Avenue and Teller Avenue,the Bronx,8/21/2020,40.841251,-73.909423
1089,Morris Park Avenue and Albert Einstein College of Medicine (mid-block),the Bronx,11/1/2011,39.390897,-99.066067
1090,Morris Park Avenue and East 180th Street,the Bronx,8/14/2020,40.840873,-73.872819
1091,Morris Park Avenue and Garfield Street,the Bronx,6/4/2022,40.843983,-73.869597
1092,Morris Park Avenue and Yates Avenue,the Bronx,6/14/2021,40.85069,-73.850492
1093,Mosholu Avenue and Fieldston Road,the Bronx,10/28/2021,40.905473,-73.900673
1094,Mosholu Avenue and West 256th Street ,the Bronx,11/29/2021,40.903868,-73.903122
1095,Park Avenue and East 158th Street ,the Bronx,12/12/2019,40.823395,-73.918346
1096,Pelham Parkway (WB) between Pearsall Avenue and Throop Avenue (mid-block),the Bronx,5/6/2022,40.858592,-73.851244
1097,Pelham Parkway and Narragansett Avenue,the Bronx,2/27/2019,40.85734,-73.851637
1098,Pelham Parkway N/S Service Roads and Williams Bridge Road,the Bronx,10/8/2015,40.856964,-73.856118
1099,Pelham Parkway North and Bronxwood Avenue,the Bronx,3/31/2022,40.857991,-73.861837
1100,Pelham Parkway North and Laconia Avenue,the Bronx,8/1/2014,40.858165,-73.856016
1101,Pelham Parkway South and Muliner Avenue,the Bronx,3/31/2022,40.856781,-73.861915
1102,Pelham Parkway South Service Road at Seymour Avenue,the Bronx,1/9/2020,40.858646,-73.846448
1103,Pugsley Avenue and Seward Avenue,the Bronx,5/24/2021,40.820306,-73.854633
1104,Randall Avenue and Manida Street,the Bronx,6/3/2021,40.811937,-73.887724
1105,Reservoir Avenue and University Avenue,the Bronx,6/4/2022,40.873763,-73.898468
1106,River Avenue and East 162nd Street,the Bronx,3/8/2017,40.829466,-73.924955
1107,Riverdale Avenue and West 256th Street,the Bronx,2/16/2022,40.904142,-73.905014
1108,Riverdale Avenue and West 259th Street,the Bronx,12/9/2021,40.906866,-73.904108
1109,Riverdale Avenue with West 231st Street and Irwin Avenue,the Bronx,3/12/2019,40.880473,-73.910537
1110,Sedgewick Avenue with Dickenson Avenue and Goulden Avenue,the Bronx,1/4/2019,40.882841,-73.888108
1111,Sedgwick Avenue and Undercliff Avenue,the Bronx,6/24/2022,40.852629,-73.919227
1112,Sedgwick Avenue and West 229th Street (mid-block),the Bronx,3/8/2019,40.686404,-74.002038
1113,Sedgwick Avenue and West 230th Street (mid-block),the Bronx,3/8/2019,40.686404,-74.002038
1114,Soundview Avenue at Thieriot Avenue (mid-block),the Bronx,6/24/2019,40.816343,-73.860847
1115,Southern Boulevard and East 189th Street (mid-block),the Bronx,3/11/2019,40.812063,-73.904133
1116,Southern Boulevard and Intervale Avenue,the Bronx,4/26/2019,40.798548,-73.661653
1117,Southern Boulevard and Leggett Avenue,the Bronx,11/19/2020,40.813504,-73.899178
1118,Southern Boulevard and Longwood Avenue,the Bronx,6/2/2022,40.816354,-73.896281
1119,Southern Boulevard with Crotona Parkway and East 176th Street,the Bronx,10/25/2019,40.839901,-73.885836
1120,Starling Avenue and Odell Street,the Bronx,6/22/2022,40.836152,-73.854184
1121,Starling Avenue and Olmstead Avenue,the Bronx,6/1/2022,40.83605,-73.855117
1122,Stillwell Avenue and Pelham Parkway South (Service Road),the Bronx,10/25/2019,40.856372,-73.838902
1123,Story Avenue and Bruckner Plaza Mall Exit/Entrance (between Boynton & Morrison Avenues),the Bronx,5/17/2017,41.963746,-73.989779
1124,Story Avenue at Thieriot Avenue,the Bronx,9/2/2020,40.823704,-73.862541
1125,Third Avenue and East 176th Street,the Bronx,10/28/2020,40.845369,-73.896841
1126,Third Avenue and St Pauls Place ,the Bronx,11/29/2021,40.835929,-73.902923
1127,Unionport Road and Crosswalk East of Metropolitan Oval (mid-block),the Bronx,9/10/2019,40.837777,-73.859723
1128,University Avenue (Martin Luther King Junior Boulevard) and Morton Place,the Bronx,3/28/2022,40.851077,-73.914851
1129,University Avenue and Macombs Road,the Bronx,3/13/2021,40.849593,-73.916537
1130,University Avenue and West 175th Street,the Bronx,5/17/2021,40.847737,-73.919453
1131,University Avenue and West 176th Street,the Bronx,4/30/2021,40.84925,-73.917453
1132,University Avenue and West 181st Street (mid-block),the Bronx,2/28/2019,40.857504,-73.909648
1133,University Avenue with Featherbed Lane and West 174th Street (mid-block),the Bronx,4/19/2019,40.846798,-73.920566
1134,Valentine Avenue and East 178th Street,the Bronx,10/28/2016,40.849418,-73.900886
1135,Valentine Avenue between East Tremont and East 178th Street,the Bronx,9/5/2013,40.849418,-73.900886
1136,Van Cortlandt Park East between East 239th Street and Oneida Avenue (mid-block),the Bronx,3/11/2019,40.899278,-73.873081
1137,Waring Avenue and Barker Avenue,the Bronx,8/26/2019,40.861382,-73.869439
1138,Watson Avenue and Colgate Avenue,the Bronx,9/20/2019,40.825665,-73.881354
1139,Webster Avenue 300' North of East 168th Street (mid-block),the Bronx,2/28/2019,40.847343,-73.901091
1140,Webster Avenue and East 189th Street,the Bronx,3/28/2022,40.860496,-73.892515
1141,Webster Avenue between East 169th and East 170th Street (mid-block),the Bronx,4/5/2019,40.836229,-73.907359
1142,Webster Avenue between East 170th Street and East 171st Street (mid-block),the Bronx,2/27/2019,40.838441,-73.905944
1143,Webster Avenue between East Gun Hill Road and East 233rd Street (mid-block),the Bronx,2/19/2019,40.895384,-73.863542
1144,Webster Avenue between East Tremont and East 178th Street,the Bronx,9/5/2013,40.849234,-73.900156
1145,West 169th Street with Cromwell Avenue and Inwood Avenue,the Bronx,8/12/2020,40.837776,-73.921378
1146,West 183rd Street and Andrews Avenue North,the Bronx,11/5/2021,40.860052,-73.908604
1147,West 230th Street and Corlear Avenue,the Bronx,1/26/2022,40.878974,-73.90903
1148,West Kingsbridge Road with Reservoir Avenue and Aqueduct Avenue West,the Bronx,12/21/2020,40.868053,-73.90012
1149,Westchester Avenue and West Farm Road,the Bronx,4/5/2020,40.824956,-73.891363
1150,"Westchester Avenue with Crosby, Buhre and Edison Avenues",the Bronx,9/22/2016,40.829906,-73.873261
1151,White Plains Road and Birchall Avenue,the Bronx,1/21/2021,40.850066,-73.867904
1152,White Plains Road and East 215th Street,the Bronx,12/2/2021,40.880714,-73.864954
1153,White Plains Road and Lydig Avenue,the Bronx,7/25/2014,40.854504,-73.867717
1154,White Plains Road and Rosewood Street,the Bronx,5/10/2022,40.873226,-73.867154
1155,White Plains Road and Unionport Road,the Bronx,12/30/2020,40.84249,-73.865141
1156,White Plains Road with Bronxdale Avenue and Unionport Road,the Bronx,12/24/2020,40.816216,-73.856913
1157,Williamsbridge Road and Astor Avenue      ,the Bronx,4/11/2018,40.859711,-73.857365
1158,Williamsbridge Road and Pierce Avenue,the Bronx,5/24/2022,40.847061,-73.849073
1159,Williamsbridge Road and Sacket Avenue,the Bronx,5/27/2022,40.845994,-73.847889
1160,Williamsbridge Road and Van Nest Avenue,the Bronx,6/8/2022,40.849001,-73.850348
1161,Williamsbridge Road between Mace Avenue and Waring Avenue,the Bronx,6/29/2022,40.861164,-73.857571
